HOTEL FRONT-OFFICE SOLUTION;;;;;;;;;;;;;
HISTORICO POYECTADO;;;;;;;;;;;;;
;;;;;;;;;;;;;
GRUPO SUME S.A.S;;;;;;;;;;;;;
900086484;;;;;;;;;;;;;
SM GRAND HOTEL;;;;;;;;;;;;;
Periodo: ;;;Habitaciones:;49;;;;;;;;;
;;;;;;;ACUMULADOS;;;;;;
FECHA;NUM. NOCHES;NRO.PAX;TARIFA. PROM.;REVENUE;% OCUPACION;REVPAR;NUM. NOCHES;NRO.PAX;TARIFA. PROM.;REVENUE;% OCUPACION;REVPAR;NUM. DIAS
2024-09-01;2;6;257500,00;515000,00;4,08%;10510,20;2;6;257500,00;515000,00;4,08%;17166,67;1
2024-09-02;12;22;227658,33;2731900,00;24,49%;55753,06;14;28;231921,43;3246900,00;14,29%;54115,00;2
2024-09-03;22;33;209155,68;4601425,00;44,90%;93906,63;36;61;218009,03;7848325,00;24,49%;87203,61;3
2024-09-04;26;33;181465,38;4718100,00;53,06%;96287,76;62;94;202684,27;12566425,00;31,63%;104720,21;4
2024-09-05;15;19;366435,87;5496538,00;30,61%;112174,24;77;113;234583,94;18062963,00;31,43%;120419,75;5
2024-09-06;4;6;259087,50;1036350,00;8,16%;21150,00;81;119;235793,99;19099313,00;27,55%;106107,29;6
2024-09-07;8;12;196725,38;1573803,00;16,33%;32118,43;89;131;232282,20;20673116,00;25,95%;98443,41;7
2024-09-08;2;2;190000,00;380000,00;4,08%;7755,10;91;133;231352,92;21053116,00;23,21%;87721,32;8
2024-09-09;5;6;227805,00;1139025,00;10,20%;23245,41;96;139;231168,14;22192141,00;21,77%;82193,11;9
2024-09-10;12;15;188394,42;2260733,00;24,49%;46137,41;108;154;226415,50;24452874,00;22,04%;81509,58;10
2024-09-11;22;29;182190,09;4008182,00;44,90%;81799,63;130;183;218931,20;28461056,00;24,12%;86245,62;11
2024-09-12;21;35;232889,86;4890687,00;42,86%;99809,94;151;218;220872,47;33351743,00;25,68%;92643,73;12
2024-09-13;10;14;213385,30;2133853,00;20,41%;43548,02;161;232;220407,43;35485596,00;25,27%;90988,71;13
2024-09-14;19;38;177696,74;3376238,00;38,78%;68902,82;180;270;215899,08;38861834,00;26,24%;92528,18;14
2024-09-15;5;11;212525,20;1062626,00;10,20%;21686,24;185;281;215807,89;39924460,00;25,17%;88721,02;15
2024-09-16;19;31;194039,89;3686758,00;38,78%;75239,96;204;312;213780,48;43611218,00;26,02%;90856,70;16
2024-09-17;23;37;210671,87;4845453,00;46,94%;98886,80;227;349;213465,51;48456671,00;27,25%;95013,08;17
2024-09-18;36;61;190484,64;6857447,00;73,47%;139947,90;263;410;210319,84;55314118,00;29,82%;102433,55;18
2024-09-19;40;59;221130,48;8845219,00;81,63%;180514,67;303;469;211746,99;64159337,00;32,55%;112560,24;19
2024-09-20;21;32;212487,33;4462234,00;42,86%;91066,00;324;501;211794,97;68621571,00;33,06%;114369,29;20
2024-09-21;49;95;192693,16;9441965,00;100,00%;192693,16;373;596;209285,62;78063536,00;36,25%;123910,37;21
2024-09-22;13;17;237975,92;3093687,00;26,53%;63136,47;386;613;210251,87;81157223,00;35,81%;122965,49;22
2024-09-23;32;46;256788,69;8217238,00;65,31%;167698,73;418;659;213814,50;89374461,00;37,09%;129528,20;23
2024-09-24;39;58;211257,00;8239023,00;79,59%;168143,33;457;717;213596,25;97613484,00;38,86%;135574,28;24
2024-09-25;46;64;225922,52;10392436,00;93,88%;212090,53;503;781;214723,50;108005920,00;41,06%;144007,89;25
2024-09-26;49;64;210445,57;10311833,00;100,00%;210445,57;552;845;214343,76;118317753,00;43,33%;151689,43;26
2024-09-27;20;33;244234,15;4884683,00;40,82%;99687,41;572;878;215388,87;123202436,00;43,24%;152101,77;27
2024-09-28;14;22;191215,50;2677017,00;28,57%;54633,00;586;900;214811,35;125879453,00;42,71%;149856,49;28
2024-09-29;9;14;290900,00;2618100,00;18,37%;53430,61;595;914;215962,27;128497553,00;41,87%;147698,34;29
2024-09-30;18;24;231788,56;4172194,00;36,73%;85146,82;613;938;216426,99;132669747,00;41,70%;147410,83;30
2024-10-01;37;50;201928,49;7471354,00;75,51%;152476,61;650;988;215601,69;140141101,00;42,79%;150689,36;31
2024-10-02;50;72;206351,26;10317563,00;102,04%;210562,51;700;1060;214940,95;150458664,00;44,64%;156727,78;32
2024-10-03;48;75;212498,44;10199925,00;97,96%;208161,73;748;1135;214784,21;160658589,00;46,26%;162281,40;33
2024-10-04;45;69;203692,04;9166142,00;91,84%;187064,12;793;1204;214154,77;169824731,00;47,60%;166494,83;34
2024-10-05;31;48;204116,87;6327623,00;63,27%;129135,16;824;1252;213777,13;176152354,00;48,05%;167764,15;35
2024-10-06;13;24;198705,62;2583173,00;26,53%;52717,82;837;1276;213543,04;178735527,00;47,45%;165495,86;36
2024-10-07;19;31;210125,26;3992380,00;38,78%;81477,14;856;1307;213467,18;182727907,00;47,21%;164619,74;37
2024-10-08;25;36;189011,12;4725278,00;51,02%;96434,24;881;1343;212773,20;187453185,00;47,31%;164432,62;38
2024-10-09;28;40;212206,79;5941790,00;57,14%;121261,02;909;1383;212755,75;193394975,00;47,57%;165294,85;39
2024-10-10;20;23;188851,80;3777036,00;40,82%;77082,37;929;1406;212241,13;197172011,00;47,40%;164310,01;40
2024-10-11;9;10;209001,11;1881010,00;18,37%;38387,96;938;1416;212210,04;199053021,00;46,69%;161831,72;41
2024-10-12;7;11;202395,00;1416765,00;14,29%;28913,57;945;1427;212137,34;200469786,00;45,92%;159103,00;42
2024-10-13;8;15;168639,38;1349115,00;16,33%;27532,96;953;1442;211772,19;201818901,00;45,23%;156448,76;43
2024-10-14;7;13;209252,14;1464765,00;14,29%;29893,16;960;1455;211753,82;203283666,00;44,53%;154002,78;44
2024-10-15;14;26;213357,14;2987000,00;28,57%;60959,18;974;1481;211776,86;206270666,00;44,17%;152793,09;45
2024-10-16;12;18;203079,00;2436948,00;24,49%;49733,63;986;1499;211671,01;208707614,00;43,74%;151237,40;46
2024-10-17;11;16;189266,64;2081933,00;22,45%;42488,43;997;1515;211423,82;210789547,00;43,29%;149496,13;47
2024-10-18;4;5;202756,25;811025,00;8,16%;16551,53;1001;1520;211389,18;211600572,00;42,56%;146944,84;48
2024-10-19;7;12;232061,71;1624432,00;14,29%;33151,67;1008;1532;211532,74;213225004,00;41,98%;145051,02;49
2024-10-20;4;8;165950,75;663803,00;8,16%;13547,00;1012;1540;211352,58;213888807,00;41,31%;142592,54;50
2024-10-21;13;19;216021,15;2808275,00;26,53%;57311,73;1025;1559;211411,79;216697082,00;41,02%;141632,08;51
2024-10-22;39;50;194773,10;7596151,00;79,59%;155023,49;1064;1609;210801,91;224293233,00;41,76%;143777,71;52
2024-10-23;43;55;208199,88;8952595,00;87,76%;182706,02;1107;1664;210700,84;233245828,00;42,63%;146695,49;53
2024-10-24;42;52;191733,64;8052813,00;85,71%;164343,12;1149;1716;210007,52;241298641,00;43,42%;148949,78;54
2024-10-25;25;35;177136,52;4428413,00;51,02%;90375,78;1174;1751;209307,54;245727054,00;43,56%;148925,49;55
2024-10-26;15;29;210185,33;3152780,00;30,61%;64342,45;1189;1780;209318,62;248879834,00;43,33%;148142,76;56
2024-10-27;10;18;236101,70;2361017,00;20,41%;48184,02;1199;1798;209541,99;251240851,00;42,93%;146924,47;57
2024-10-28;12;26;231099,33;2773192,00;24,49%;56595,76;1211;1824;209755,61;254014043,00;42,61%;145985,08;58
2024-10-29;13;23;175299,62;2278895,00;26,53%;46508,06;1224;1847;209389,66;256292938,00;42,34%;144798,27;59
2024-10-30;16;23;192590,25;3081444,00;32,65%;62886,61;1240;1870;209172,89;259374382,00;42,18%;144096,88;60
2024-10-31;13;23;165339,08;2149408,00;26,53%;43865,47;1253;1893;208718,11;261523790,00;41,92%;142909,17;61
2024-11-01;8;15;109222,75;873782,00;16,33%;17832,29;1261;1908;208086,89;262397572,00;41,51%;141073,96;62
2024-11-02;18;32;187144,17;3368595,00;36,73%;68746,84;1279;1940;207792,16;265766167,00;41,43%;140617,02;63
2024-11-03;3;4;117198,33;351595,00;6,12%;7175,41;1282;1944;207580,16;266117762,00;40,88%;138603,00;64
2024-11-04;16;29;205576,44;3289223,00;32,65%;67127,00;1298;1973;207555,46;269406985,00;40,75%;138157,43;65
2024-11-05;43;63;243247,67;10459650,00;87,76%;213462,24;1341;2036;208699,95;279866635,00;41,47%;141346,79;66
2024-11-06;47;67;228943,62;10760350,00;95,92%;219598,98;1388;2103;209385,44;290626985,00;42,28%;144590,54;67
2024-11-07;49;69;225527,55;11050850,00;100,00%;225527,55;1437;2172;209935,86;301677835,00;43,13%;147881,29;68
2024-11-08;49;73;212092,86;10392550,00;100,00%;212092,86;1486;2245;210006,99;312070385,00;43,95%;150758,64;69
2024-11-09;29;49;211147,14;6123267,00;59,18%;124964,63;1515;2294;210028,81;318193652,00;44,17%;151520,79;70
2024-11-10;6;11;260387,83;1562327,00;12,24%;31884,22;1521;2305;210227,47;319755979,00;43,72%;150120,18;71
2024-11-11;18;28;235472,22;4238500,00;36,73%;86500,00;1539;2333;210522,73;323994479,00;43,62%;149997,44;72
2024-11-12;37;44;285879,73;10577550,00;75,51%;215868,37;1576;2377;212291,90;334572029,00;44,06%;152772,62;73
2024-11-13;44;58;222692,61;9798475,00;89,80%;199968,88;1620;2435;212574,39;344370504,00;44,68%;155121,85;74
2024-11-14;35;40;221950,03;7768251,00;71,43%;158535,73;1655;2475;212772,66;352138755,00;45,03%;156506,11;75
2024-11-15;8;12;216531,25;1732250,00;16,33%;35352,04;1663;2487;212790,74;353871005,00;44,66%;155206,58;76
2024-11-16;11;20;1026605,73;11292663,00;22,45%;230462,51;1674;2507;218138,39;365163668,00;44,37%;158079,51;77
2024-11-17;40;67;171950,00;6878000,00;81,63%;140367,35;1714;2574;217060,48;372041668,00;44,85%;158992,17;78
2024-11-18;42;70;179286,90;7530050,00;85,71%;153674,49;1756;2644;216157,01;379571718,00;45,36%;160156,84;79
2024-11-19;14;16;171271,93;2397807,00;28,57%;48934,84;1770;2660;215801,99;381969525,00;45,15%;159153,97;80
2024-11-20;31;40;218597,61;6776526,00;63,27%;138296,45;1801;2700;215850,11;388746051,00;45,38%;159977,80;81
2024-11-21;39;68;216420,18;8440387,00;79,59%;172252,80;1840;2768;215862,19;397186438,00;45,79%;161457,90;82
2024-11-22;39;85;261224,85;10187769,00;79,59%;207913,65;1879;2853;216803,73;407374207,00;46,20%;163604,10;83
2024-11-23;42;80;213333,33;8960000,00;85,71%;182857,14;1921;2933;216727,85;416334207,00;46,67%;165211,99;84
2024-11-24;37;72;206162,16;7628000,00;75,51%;155673,47;1958;3005;216528,20;423962207,00;47,01%;166259,69;85
2024-11-25;32;50;188968,47;6046991,00;65,31%;123407,98;1990;3055;216085,02;430009198,00;47,22%;166670,23;86
2024-11-26;37;54;206509,68;7640858,00;75,51%;155935,88;2027;3109;215910,24;437650056,00;47,55%;167682,01;87
2024-11-27;33;50;190812,33;6296807,00;67,35%;128506,27;2060;3159;215508,19;443946863,00;47,77%;168161,69;88
2024-11-28;23;31;187185,61;4305269,00;46,94%;87862,63;2083;3190;215195,45;448252132,00;47,76%;167884,69;89
2024-11-29;24;37;232219,54;5573269,00;48,98%;113740,18;2107;3227;215389,37;453825401,00;47,78%;168083,48;90
2024-11-30;12;22;205287,83;2463454,00;24,49%;50274,57;2119;3249;215332,16;456288855,00;47,52%;167138,77;91
2024-12-01;15;27;223333,33;3350000,00;30,61%;68367,35;2134;3276;215388,40;459638855,00;47,34%;166535,82;92
2024-12-02;36;54;244565,14;8804345,00;73,47%;179680,51;2170;3330;215872,44;468443200,00;47,62%;167900,79;93
2024-12-03;35;51;166842,26;5839479,00;71,43%;119173,04;2205;3381;215094,19;474282679,00;47,87%;168185,35;94
2024-12-04;25;37;195636,36;4890909,00;51,02%;99814,47;2230;3418;214876,05;479173588,00;47,91%;168131,08;95
2024-12-05;12;18;186284,33;2235412,00;24,49%;45620,65;2242;3436;214723,02;481409000,00;47,66%;167155,90;96
2024-12-06;13;16;189159,69;2459076,00;26,53%;50185,22;2255;3452;214575,64;483868076,00;47,44%;166277,69;97
2024-12-07;7;9;168571,43;1180000,00;14,29%;24081,63;2262;3461;214433,28;485048076,00;47,11%;164982,34;98
2024-12-08;16;21;175187,50;2803000,00;32,65%;57204,08;2278;3482;214157,63;487851076,00;46,96%;164259,62;99
2024-12-09;19;29;189224,68;3595269,00;38,78%;73372,84;2297;3511;213951,39;491446345,00;46,88%;163815,45;100
2024-12-10;35;43;223464,83;7821269,00;71,43%;159617,73;2332;3554;214094,17;499267614,00;47,12%;164774,79;101
2024-12-11;45;56;211834,60;9532557,00;91,84%;194541,98;2377;3610;214051,40;508800171,00;47,56%;166274,57;102
2024-12-12;45;55;220767,51;9934538,00;91,84%;202745,67;2422;3665;214176,18;518734709,00;47,99%;167875,31;103
2024-12-13;27;32;216222,22;5838000,00;55,10%;119142,86;2449;3697;214198,74;524572709,00;48,06%;168132,28;104
2024-12-14;14;20;187214,29;2621000,00;28,57%;53489,80;2463;3717;214045,35;527193709,00;47,87%;167363,08;105
2024-12-15;13;17;209846,15;2728000,00;26,53%;55673,47;2476;3734;214023,31;529921709,00;47,67%;166642,05;106
2024-12-16;30;33;337642,30;10129269,00;61,22%;206719,78;2506;3767;215503,18;540050978,00;47,80%;168240,18;107
2024-12-17;30;35;505353,47;15160604,00;61,22%;309400,08;2536;3802;218932,01;555211582,00;47,92%;171361,60;108
2024-12-18;28;31;220214,29;6166000,00;57,14%;125836,73;2564;3833;218946,01;561377582,00;48,01%;171675,10;109
2024-12-19;25;26;193600,00;4840000,00;51,02%;98775,51;2589;3859;218701,27;566217582,00;48,03%;171581,09;110
2024-12-20;25;33;182836,24;4570906,00;51,02%;93283,80;2614;3892;218358,26;570788488,00;48,06%;171407,95;111
2024-12-21;2;4;230853,50;461707,00;4,08%;9422,59;2616;3896;218367,81;571250195,00;47,67%;170014,94;112
2024-12-22;2;4;91800,00;183600,00;4,08%;3746,94;2618;3900;218271,12;571433795,00;47,28%;168564,54;113
2024-12-23;3;5;452484,33;1357453,00;6,12%;27703,12;2621;3905;218539,20;572791248,00;46,92%;167482,82;114
2024-12-24;2;3;146205,50;292411,00;4,08%;5967,57;2623;3908;218484,05;573083659,00;46,55%;166111,21;115
2024-12-25;0;0;#�DIV/0!;0,00;0,00%;0,00;2623;3908;218484,05;573083659,00;46,15%;164679,21;116
2024-12-26;8;17;145221,75;1161774,00;16,33%;23709,67;2631;3925;218261,28;574245433,00;45,89%;163602,69;117
2024-12-27;7;15;163774,29;1146420,00;14,29%;23396,33;2638;3940;218116,70;575391853,00;45,62%;162540,07;118
2024-12-28;10;21;180505,00;1805050,00;20,41%;36837,76;2648;3961;217974,66;577196903,00;45,41%;161679,80;119
2024-12-29;6;13;164908,33;989450,00;12,24%;20192,86;2654;3974;217854,69;578186353,00;45,14%;160607,32;120
2024-12-30;5;10;181027,00;905135,00;10,20%;18472,14;2659;3984;217785,44;579091488,00;44,85%;159529,34;121
2024-12-31;1;2;665000,00;665000,00;2,04%;13571,43;2660;3986;217953,57;579756488,00;44,50%;158403,41;122
2025-01-01;1;2;185000,00;185000,00;2,04%;3775,51;2661;3988;217941,18;579941488,00;44,15%;157165,71;123
2025-01-02;3;6;306666,67;920000,00;6,12%;18775,51;2664;3994;218041,10;580861488,00;43,84%;156145,56;124
2025-01-03;2;4;146250,00;292500,00;4,08%;5969,39;2666;3998;217987,24;581153988,00;43,53%;154974,40;125
2025-01-04;5;11;167140,00;835700,00;10,20%;17055,10;2671;4009;217892,06;581989688,00;43,26%;153965,53;126
2025-01-05;5;11;206380,00;1031900,00;10,20%;21059,18;2676;4020;217870,55;583021588,00;43,00%;153024,04;127
2025-01-06;1;4;300000,00;300000,00;2,04%;6122,45;2677;4024;217901,23;583321588,00;42,68%;151906,66;128
2025-01-07;6;9;211000,00;1266000,00;12,24%;25836,73;2683;4033;217885,80;584587588,00;42,45%;151056,22;129
2025-01-08;15;30;216513,87;3247708,00;30,61%;66279,76;2698;4063;217878,17;587835296,00;42,35%;150727,00;130
2025-01-09;14;22;227225,50;3181157,00;28,57%;64921,57;2712;4085;217926,42;591016453,00;42,25%;150385,87;131
2025-01-10;12;23;209322,25;2511867,00;24,49%;51262,59;2724;4108;217888,52;593528320,00;42,12%;149880,89;132
2025-01-11;9;18;238408,78;2145679,00;18,37%;43789,37;2733;4126;217956,09;595673999,00;41,94%;149291,73;133
2025-01-12;9;16;240713,78;2166424,00;18,37%;44212,73;2742;4142;218030,79;597840423,00;41,76%;148716,52;134
2025-01-13;13;21;261419,85;3398458,00;26,53%;69356,29;2755;4163;218235,53;601238881,00;41,65%;148454,04;135
2025-01-14;17;23;180111,06;3061888,00;34,69%;62487,51;2772;4186;218001,72;604300769,00;41,60%;148112,93;136
2025-01-15;11;16;191223,09;2103454,00;22,45%;42927,63;2783;4202;217895,88;606404223,00;41,46%;147543,61;137
2025-01-16;11;15;198227,27;2180500,00;22,45%;44500,00;2794;4217;217818,44;608584723,00;41,32%;147001,14;138
2025-01-17;14;24;229175,29;3208454,00;28,57%;65478,65;2808;4241;217875,06;611793177,00;41,23%;146712,99;139
2025-01-18;2;5;154500,00;309000,00;4,08%;6306,12;2810;4246;217829,96;612102177,00;40,96%;145738,61;140
2025-01-19;0;0;#�DIV/0!;67,00;0,00%;1,37;2810;4246;217829,98;612102244,00;40,67%;144705,02;141
2025-01-20;8;11;193700,00;1549600,00;16,33%;31624,49;2818;4257;217761,48;613651844,00;40,50%;144049,73;142
2025-01-21;17;32;182892,41;3109171,00;34,69%;63452,47;2835;4289;217552,39;616761015,00;40,46%;143767,14;143
2025-01-22;12;19;158941,67;1907300,00;24,49%;38924,49;2847;4308;217305,34;618668315,00;40,35%;143210,26;144
2025-01-23;22;35;207244,95;4559389,00;44,90%;93048,76;2869;4343;217228,20;623227704,00;40,38%;143270,74;145
2025-01-24;6;12;254342,17;1526053,00;12,24%;31143,94;2875;4355;217305,65;624753757,00;40,19%;142637,84;146
2025-01-25;11;20;203038,00;2233418,00;22,45%;45579,96;2886;4375;217251,27;626987175,00;40,07%;142173,96;147
2025-01-26;6;11;241175,33;1447052,00;12,24%;29531,67;2892;4386;217300,91;628434227,00;39,88%;141539,24;148
2025-01-27;17;24;244993,29;4164886,00;34,69%;84997,67;2909;4410;217462,74;632599113,00;39,84%;141521,05;149
2025-01-28;24;32;259298,04;6223153,00;48,98%;127003,12;2933;4442;217805,07;638822266,00;39,90%;141960,50;150
2025-01-29;29;42;219787,97;6373851,00;59,18%;130078,59;2962;4484;217824,48;645196117,00;40,03%;142427,40;151
2025-01-30;26;37;248336,31;6456744,00;53,06%;131770,29;2988;4521;218089,98;651652861,00;40,12%;142906,33;152
2025-01-31;9;19;302256,78;2720311,00;18,37%;55516,55;2997;4540;218342,73;654373172,00;39,98%;142564,96;153
2025-02-01;10;17;214676,40;2146764,00;20,41%;43811,51;3007;4557;218330,54;656519936,00;39,85%;142103,88;154
2025-02-02;6;8;201833,33;1211000,00;12,24%;24714,29;3013;4565;218297,69;657730936,00;39,67%;141447,51;155
2025-02-03;31;50;256511,42;7951854,00;63,27%;162282,73;3044;4615;218686,86;665682790,00;39,82%;142239,91;156
2025-02-04;42;71;217208,07;9122739,00;85,71%;186178,35;3086;4686;218666,73;674805529,00;40,11%;143270,81;157
2025-02-05;47;82;217669,79;10230480,00;95,92%;208785,31;3133;4768;218651,77;685036009,00;40,47%;144522,36;158
2025-02-06;41;70;214871,46;8809730,00;83,67%;179790,41;3174;4838;218602,94;693845739,00;40,74%;145460,32;159
2025-02-07;23;44;199979,39;4599526,00;46,94%;93867,88;3197;4882;218468,96;698445265,00;40,78%;145509,43;160
2025-02-08;10;17;175785,40;1757854,00;20,41%;35874,57;3207;4899;218335,86;700203119,00;40,65%;144969,59;161
2025-02-09;6;12;147975,67;887854,00;12,24%;18119,47;3213;4911;218204,47;701090973,00;40,48%;144257,40;162
2025-02-10;16;25;204791,06;3276657,00;32,65%;66870,55;3229;4936;218138,01;704367630,00;40,43%;144042,46;163
2025-02-11;16;26;213258,63;3412138,00;32,65%;69635,47;3245;4962;218113,95;707779768,00;40,38%;143857,68;164
2025-02-12;14;21;217189,79;3040657,00;28,57%;62054,22;3259;4983;218109,98;710820425,00;40,31%;143600,09;165
2025-02-13;15;25;168483,27;2527249,00;30,61%;51576,51;3274;5008;217882,61;713347674,00;40,25%;143242,50;166
2025-02-14;4;5;147250,00;589000,00;8,16%;12020,41;3278;5013;217796,42;713936674,00;40,06%;142502,33;167
2025-02-15;3;3;196333,33;589000,00;6,12%;12020,41;3281;5016;217776,80;714525674,00;39,86%;141770,97;168
2025-02-16;9;14;179470,56;1615235,00;18,37%;32963,98;3290;5030;217672,01;716140909,00;39,73%;141250,67;169
2025-02-17;15;22;190793,33;2861900,00;30,61%;58406,12;3305;5052;217550,02;719002809,00;39,68%;140980,94;170
2025-02-18;24;33;173583,88;4166013,00;48,98%;85020,67;3329;5085;217233,05;723168822,00;39,73%;140968,58;171
2025-02-19;23;28;186662,74;4293243,00;46,94%;87617,20;3352;5113;217023,29;727462065,00;39,77%;140981,02;172
2025-02-20;18;28;157749,50;2839491,00;36,73%;57948,80;3370;5141;216706,69;730301556,00;39,75%;140713,21;173
2025-02-21;11;21;225559,18;2481151,00;22,45%;50635,73;3381;5162;216735,49;732782707,00;39,66%;140379,83;174
2025-02-22;19;22;222631,68;4230002,00;38,78%;86326,57;3400;5184;216768,44;737012709,00;39,65%;140383,37;175
2025-02-23;8;10;223625,00;1789000,00;16,33%;36510,20;3408;5194;216784,54;738801709,00;39,52%;139924,57;176
2025-02-24;20;28;224050,90;4481018,00;40,82%;91449,35;3428;5222;216826,93;743282727,00;39,52%;139977,91;177
2025-02-25;47;66;225614,55;10603884,00;95,92%;216405,80;3475;5288;216945,79;753886611,00;39,84%;141177,27;178
2025-02-26;49;76;237984,45;11661238,00;100,00%;237984,45;3524;5364;217238,32;765547849,00;40,18%;142560,12;179
2025-02-27;49;79;237617,10;11643238,00;100,00%;237617,10;3573;5443;217517,80;777191087,00;40,51%;143924,28;180
2025-02-28;16;21;225267,38;3604278,00;32,65%;73556,69;3589;5464;217552,34;780795365,00;40,47%;143792,88;181
2025-03-01;11;13;235702,73;2592730,00;22,45%;52912,86;3600;5477;217607,80;783388095,00;40,37%;143477,67;182
2025-03-02;9;14;219289,44;1973605,00;18,37%;40277,65;3609;5491;217612,00;785361700,00;40,25%;143053,13;183
2025-03-03;13;18;213575,77;2776485,00;26,53%;56662,96;3622;5509;217597,51;788138185,00;40,17%;142778,66;184
2025-03-04;28;45;231910,75;6493501,00;57,14%;132520,43;3650;5554;217707,31;794631686,00;40,26%;143176,88;185
2025-03-05;29;43;223345,03;6477006,00;59,18%;132183,80;3679;5597;217751,75;801108692,00;40,37%;143567,87;186
2025-03-06;23;35;263165,48;6052806,00;46,94%;123526,65;3702;5632;218033,90;807161498,00;40,40%;143879,05;187
2025-03-07;30;61;237355,43;7120663,00;61,22%;145319,65;3732;5693;218189,22;814282161,00;40,51%;144376,27;188
2025-03-08;30;61;247395,67;7421870,00;61,22%;151466,73;3762;5754;218422,12;821704031,00;40,62%;144921,35;189
2025-03-09;11;22;228047,27;2508520,00;22,45%;51194,29;3773;5776;218450,19;824212551,00;40,53%;144598,69;190
2025-03-10;12;18;197960,00;2375520,00;24,49%;48480,00;3785;5794;218385,22;826588071,00;40,44%;144256,21;191
2025-03-11;13;20;193271,23;2512526,00;26,53%;51276,04;3798;5814;218299,26;829100597,00;40,37%;143941,08;192
2025-03-12;21;25;186807,90;3922966,00;42,86%;80060,53;3819;5839;218126,10;833023563,00;40,38%;143872,81;193
2025-03-13;16;18;173441,44;2775063,00;32,65%;56633,94;3835;5857;217939,67;835798626,00;40,34%;143608,01;194
2025-03-14;24;38;203359,46;4880627,00;48,98%;99604,63;3859;5895;217848,99;840679253,00;40,39%;143705,86;195
2025-03-15;22;37;214116,50;4710563,00;44,90%;96133,94;3881;5932;217827,83;845389816,00;40,41%;143773,78;196
2025-03-16;11;13;218182,55;2400008,00;22,45%;48979,76;3892;5945;217828,83;847789824,00;40,32%;143450,05;197
2025-03-17;19;24;326822,74;6209632,00;38,78%;126727,18;3911;5969;218358,34;853999456,00;40,31%;143770,95;198
2025-03-18;17;19;219019,29;3723328,00;34,69%;75986,29;3928;5988;218361,20;857722784,00;40,28%;143672,16;199
2025-03-19;15;25;152720,27;2290804,00;30,61%;46751,10;3943;6013;218111,49;860013588,00;40,23%;143335,60;200
2025-03-20;9;11;237023,22;2133209,00;18,37%;43534,88;3952;6024;218154,55;862146797,00;40,13%;142976,25;201
2025-03-21;9;12;145216,33;1306947,00;18,37%;26672,39;3961;6036;217988,83;863453744,00;40,02%;142484,12;202
2025-03-22;3;5;196333,33;589000,00;6,12%;12020,41;3964;6041;217972,44;864042744,00;39,85%;141878,94;203
2025-03-23;0;0;#�DIV/0!;0,00;0,00%;0,00;3964;6041;217972,44;864042744,00;39,66%;141183,45;204
2025-03-24;6;9;167144,33;1002866,00;12,24%;20466,65;3970;6050;217895,62;865045610,00;39,52%;140657,82;205
2025-03-25;20;29;207536,55;4150731,00;40,82%;84708,80;3990;6079;217843,69;869196341,00;39,53%;140646,66;206
2025-03-26;40;58;169373,00;6774920,00;81,63%;138263,67;4030;6137;217362,60;875971261,00;39,73%;141058,17;207
2025-03-27;39;61;182698,03;7125223,00;79,59%;145412,71;4069;6198;217030,35;883096484,00;39,92%;141521,87;208
2025-03-28;28;49;180022,93;5040642,00;57,14%;102870,24;4097;6247;216777,43;888137126,00;40,01%;141648,66;209
2025-03-29;6;8;160759,17;964555,00;12,24%;19684,80;4103;6255;216695,51;889101681,00;39,87%;141127,25;210
2025-03-30;6;8;201591,67;1209550,00;12,24%;24684,69;4109;6263;216673,46;890311231,00;39,74%;140649,48;211
2025-03-31;9;10;198444,78;1786003,00;18,37%;36449,04;4118;6273;216633,62;892097234,00;39,64%;140266,86;212
2025-04-01;20;23;211641,80;4232836,00;40,82%;86384,41;4138;6296;216609,49;896330070,00;39,65%;140270,75;213
2025-04-02;22;27;200928,45;4420426,00;44,90%;90212,78;4160;6323;216526,56;900750496,00;39,67%;140303,82;214
2025-04-03;23;28;210121,91;4832804,00;46,94%;98628,65;4183;6351;216491,35;905583300,00;39,71%;140400,51;215
2025-04-04;24;37;182049,58;4369190,00;48,98%;89167,14;4207;6388;216294,86;909952490,00;39,75%;140424,77;216
2025-04-05;17;28;184823,47;3141999,00;34,69%;64122,43;4224;6416;216168,20;913094489,00;39,73%;140260,29;217
2025-04-06;7;12;200896,00;1406272,00;14,29%;28699,43;4231;6428;216142,94;914500761,00;39,61%;139831,92;218
2025-04-07;12;17;218874,58;2626495,00;24,49%;53601,94;4243;6445;216150,66;917127256,00;39,54%;139593,19;219
2025-04-08;15;24;222687,27;3340309,00;30,61%;68169,57;4258;6469;216173,69;920467565,00;39,50%;139464,78;220
2025-04-09;20;34;232225,70;4644514,00;40,82%;94786,00;4278;6503;216248,73;925112079,00;39,51%;139534,25;221
2025-04-10;19;27;237962,58;4521289,00;38,78%;92271,20;4297;6530;216344,74;929633368,00;39,50%;139584,59;222
2025-04-11;12;19;232330,92;2787971,00;24,49%;56897,37;4309;6549;216389,26;932421339,00;39,43%;139375,39;223
2025-04-12;8;15;232498,25;1859986,00;16,33%;37958,90;4317;6564;216419,12;934281325,00;39,33%;139029,96;224
2025-04-13;1;2;193277,00;193277,00;2,04%;3944,43;4318;6566;216413,76;934474602,00;39,17%;138440,68;225
2025-04-14;5;11;204605,40;1023027,00;10,20%;20878,10;4323;6577;216400,10;935497629,00;39,04%;137979,00;226
2025-04-15;8;18;216504,63;1732037,00;16,33%;35347,69;4331;6595;216400,29;937229666,00;38,94%;137625,50;227
2025-04-16;4;10;195601,50;782406,00;8,16%;15967,47;4335;6605;216381,10;938012072,00;38,80%;137136,27;228
2025-04-17;2;4;136800,00;273600,00;4,08%;5583,67;4337;6609;216344,40;938285672,00;38,65%;136577,24;229
2025-04-18;6;9;168875,00;1013250,00;12,24%;20678,57;4343;6618;216278,82;939298922,00;38,54%;136130,28;230
2025-04-19;4;8;204062,50;816250,00;8,16%;16658,16;4347;6626;216267,58;940115172,00;38,40%;135658,75;231
2025-04-20;5;10;263030,00;1315150,00;10,20%;26839,80;4352;6636;216321,31;941430322,00;38,28%;135262,98;232
2025-04-21;7;12;258191,86;1807343,00;14,29%;36884,55;4359;6648;216388,54;943237665,00;38,18%;134941,01;233
2025-04-22;14;22;210792,14;2951090,00;28,57%;60226,33;4373;6670;216370,63;946188755,00;38,14%;134784,72;234
2025-04-23;20;30;212235,55;4244711,00;40,82%;86626,76;4393;6700;216351,80;950433466,00;38,15%;134813,26;235
2025-04-24;26;43;210990,58;5485755,00;53,06%;111954,18;4419;6743;216320,26;955919221,00;38,21%;135016,84;236
2025-04-25;15;26;263887,07;3958306,00;30,61%;80781,76;4434;6769;216481,17;959877527,00;38,18%;135003,87;237
2025-04-26;22;41;235373,77;5178223,00;44,90%;105678,02;4456;6810;216574,45;965055750,00;38,21%;135161,87;238
2025-04-27;24;36;225119,38;5402865,00;48,98%;110262,55;4480;6846;216620,23;970458615,00;38,25%;135349,88;239
2025-04-28;44;55;242721,84;10679761,00;89,80%;217954,31;4524;6901;216874,09;981138376,00;38,47%;136269,22;240
2025-04-29;37;44;217714,95;8055453,00;75,51%;164397,00;4561;6945;216880,91;989193829,00;38,62%;136817,96;241
2025-04-30;15;21;236766,73;3551501,00;30,61%;72479,61;4576;6966;216946,09;992745330,00;38,59%;136741,78;242
2025-05-01;14;19;231168,14;3236354,00;28,57%;66048,04;4590;6985;216989,47;995981684,00;38,55%;136623,00;243
2025-05-02;11;18;247223,09;2719454,00;22,45%;55499,06;4601;7003;217061,76;998701138,00;38,48%;136434,58;244
2025-05-03;12;23;248791,75;2985501,00;24,49%;60928,59;4613;7026;217144,30;1001686639,00;38,43%;136283,90;245
2025-05-04;9;14;245722,22;2211500,00;18,37%;45132,65;4622;7040;217199,94;1003898139,00;38,34%;136029,56;246
2025-05-05;17;26;225504,94;3833584,00;34,69%;78236,41;4639;7066;217230,38;1007731723,00;38,33%;135996,18;247
2025-05-06;29;38;238123,59;6905584,00;59,18%;140930,29;4668;7104;217360,18;1014637307,00;38,41%;136375,98;248
2025-05-07;20;23;208900,00;4178000,00;40,82%;85265,31;4688;7127;217324,08;1018815307,00;38,42%;136387,59;249
2025-05-08;28;34;227696,43;6375500,00;57,14%;130112,24;4716;7161;217385,67;1025190807,00;38,50%;136692,11;250
2025-05-09;27;37;209803,78;5664702,00;55,10%;115606,16;4743;7198;217342,51;1030855509,00;38,56%;136899,80;251
2025-05-10;7;9;234443,00;1641101,00;14,29%;33491,86;4750;7207;217367,71;1032496610,00;38,47%;136573,63;252
2025-05-11;8;10;219546,13;1756369,00;16,33%;35844,27;4758;7217;217371,37;1034252979,00;38,38%;136265,21;253
2025-05-12;16;23;248875,56;3982009,00;32,65%;81265,49;4774;7240;217476,96;1038234988,00;38,36%;136251,31;254
2025-05-13;24;36;241564,54;5797549,00;48,98%;118317,33;4798;7276;217597,44;1044032537,00;38,40%;136474,84;255
2025-05-14;40;54;230032,85;9201314,00;81,63%;187781,92;4838;7330;217700,26;1053233851,00;38,57%;137139,82;256
2025-05-15;49;72;226303,43;11088868,00;100,00%;226303,43;4887;7402;217786,52;1064322719,00;38,81%;138044,45;257
2025-05-16;37;56;216889,35;8024906,00;75,51%;163773,59;4924;7458;217779,78;1072347625,00;38,95%;138546,20;258
2025-05-17;21;35;226644,90;4759543,00;42,86%;97133,53;4945;7493;217817,43;1077107168,00;38,96%;138623,83;259
2025-05-18;16;23;227606,31;3641701,00;32,65%;74320,43;4961;7516;217849,00;1080748869,00;38,94%;138557,55;260
2025-05-19;32;41;226437,72;7246007,00;65,31%;147877,69;4993;7557;217904,04;1087994876,00;39,04%;138952,09;261
2025-05-20;43;63;218827,56;9409585,00;87,76%;192032,35;5036;7620;217911,93;1097404461,00;39,23%;139618,89;262
2025-05-21;48;69;231424,52;11108377,00;97,96%;226701,57;5084;7689;218039,50;1108512838,00;39,45%;140495,92;263
2025-05-22;49;72;228271,92;11185324,00;100,00%;228271,92;5133;7761;218137,18;1119698162,00;39,68%;141376,03;264
2025-05-23;27;37;234094,33;6320547,00;55,10%;128990,76;5160;7798;218220,68;1126018709,00;39,74%;141637,57;265
2025-05-24;15;18;254252,40;3813786,00;30,61%;77832,37;5175;7816;218325,12;1129832495,00;39,70%;141583,02;266
2025-05-25;9;9;226369,00;2037321,00;18,37%;41577,98;5184;7825;218339,08;1131869816,00;39,62%;141307,09;267
2025-05-26;21;26;267701,10;5621723,00;42,86%;114729,04;5205;7851;218538,24;1137491539,00;39,64%;141479,05;268
2025-05-27;20;28;212413,45;4248269,00;40,82%;86699,37;5225;7879;218514,80;1141739808,00;39,64%;141479,53;269
2025-05-28;18;26;244371,39;4398685,00;36,73%;89769,08;5243;7905;218603,57;1146138493,00;39,63%;141498,58;270
2025-05-29;33;50;252959,24;8347655,00;67,35%;170360,31;5276;7955;218818,45;1154486148,00;39,73%;142003,22;271
2025-05-30;33;51;279265,64;9215766,00;67,35%;188076,86;5309;8006;219194,18;1163701914,00;39,83%;142610,53;272
2025-05-31;47;75;262497,32;12337374,00;95,92%;251783,14;5356;8081;219574,18;1176039288,00;40,04%;143594,54;273
2025-06-01;46;73;257120,76;11827555,00;93,88%;241378,67;5402;8154;219893,90;1187866843,00;40,24%;144509,35;274
2025-06-02;14;20;257238,36;3601337,00;28,57%;73496,67;5416;8174;219990,43;1191468180,00;40,19%;144420,39;275
2025-06-03;21;34;236865,24;4974170,00;42,86%;101513,67;5437;8208;220055,61;1196442350,00;40,20%;144497,87;276
2025-06-04;44;75;223525,07;9835103,00;89,80%;200716,39;5481;8283;220083,46;1206277453,00;40,38%;145159,74;277
2025-06-05;44;77;222647,91;9796508,00;89,80%;199928,73;5525;8360;220103,88;1216073961,00;40,56%;145812,23;278
2025-06-06;16;25;244916,06;3918657,00;32,65%;79972,59;5541;8385;220175,53;1219992618,00;40,53%;145757,78;279
2025-06-07;15;24;235712,73;3535691,00;30,61%;72156,96;5556;8409;220217,48;1223528309,00;40,50%;145658,13;280
2025-06-08;13;19;222300,23;2889903,00;26,53%;58977,61;5569;8428;220222,34;1226418212,00;40,45%;145482,59;281
2025-06-09;28;44;259447,75;7264537,00;57,14%;148255,86;5597;8472;220418,57;1233682749,00;40,51%;145825,38;282
2025-06-10;36;54;226725,58;8162121,00;73,47%;166573,90;5633;8526;220458,88;1241844870,00;40,62%;146271,48;283
2025-06-11;37;55;223156,43;8256788,00;75,51%;168505,88;5670;8581;220476,48;1250101658,00;40,74%;146725,55;284
2025-06-12;30;48;245961,57;7378847,00;61,22%;150588,71;5700;8629;220610,61;1257480505,00;40,82%;147073,74;285
2025-06-13;15;23;244666,80;3670002,00;30,61%;74898,00;5715;8652;220673,75;1261150507,00;40,78%;146987,24;286
2025-06-14;9;13;206141,00;1855269,00;18,37%;37862,63;5724;8665;220650,90;1263005776,00;40,70%;146690,57;287
2025-06-15;12;19;257210,75;3086529,00;24,49%;62990,39;5736;8684;220727,39;1266092305,00;40,65%;146538,46;288
2025-06-16;24;40;257489,42;6179746,00;48,98%;126117,27;5760;8724;220880,56;1272272051,00;40,68%;146744,18;289
2025-06-17;44;70;248142,20;10918257,00;89,80%;222821,57;5804;8794;221087,23;1283190308,00;40,84%;147493,14;290
2025-06-18;41;60;220410,78;9036842,00;83,67%;184425,35;5845;8854;221082,49;1292227150,00;40,99%;148021,44;291
2025-06-19;44;70;266928,43;11744851,00;89,80%;239690,84;5889;8924;221425,03;1303972001,00;41,16%;148855,25;292
2025-06-20;45;86;231266,31;10406984,00;91,84%;212387,43;5934;9010;221499,66;1314378985,00;41,33%;149531,17;293
2025-06-21;34;74;240568,74;8179337,00;69,39%;166925,24;5968;9084;221608,30;1322558322,00;41,43%;149949,92;294
2025-06-22;38;81;234261,84;8901950,00;77,55%;181672,45;6006;9165;221688,36;1331460272,00;41,55%;150447,49;295
2025-06-23;18;28;248109,56;4465972,00;36,73%;91142,29;6024;9193;221767,30;1335926244,00;41,53%;150442,14;296
2025-06-24;17;23;260584,71;4429940,00;34,69%;90406,94;6041;9216;221876,54;1340356184,00;41,51%;150432,79;297
2025-06-25;24;36;214617,25;5150814,00;48,98%;105118,65;6065;9252;221847,82;1345506998,00;41,54%;150504,14;298
2025-06-26;28;44;198290,93;5552146,00;57,14%;113309,10;6093;9296;221739,56;1351059144,00;41,59%;150619,75;299
2025-06-27;14;23;213184,93;2984589,00;28,57%;60909,98;6107;9319;221719,95;1354043733,00;41,54%;150449,30;300
2025-06-28;16;28;238005,94;3808095,00;32,65%;77716,22;6123;9347;221762,51;1357851828,00;41,51%;150371,19;301
2025-06-29;11;17;399692,18;4396614,00;22,45%;89726,82;6134;9364;222081,58;1362248442,00;41,45%;150358,55;302
2025-06-30;10;18;223745,10;2237451,00;20,41%;45662,27;6144;9382;222084,29;1364485893,00;41,38%;150108,46;303
2025-07-01;34;55;200644,21;6821903,00;69,39%;139222,51;6178;9437;221966,30;1371307796,00;41,47%;150362,70;304
2025-07-02;33;56;226590,33;7477481,00;67,35%;152601,65;6211;9493;221990,87;1378785277,00;41,56%;150686,92;305
2025-07-03;33;55;213884,45;7058187,00;67,35%;144044,63;6244;9548;221948,02;1385843464,00;41,64%;150963,34;306
2025-07-04;33;55;179025,24;5907833,00;67,35%;120568,02;6277;9603;221722,37;1391751297,00;41,73%;151113,06;307
2025-07-05;11;21;215109,55;2366205,00;22,45%;48289,90;6288;9624;221710,80;1394117502,00;41,66%;150878,52;308
2025-07-06;5;10;237503,00;1187515,00;10,20%;24235,00;6293;9634;221723,35;1395305017,00;41,56%;150518,34;309
2025-07-07;10;17;233083,60;2330836,00;20,41%;47568,08;6303;9651;221741,37;1397635853,00;41,49%;150283,43;310
2025-07-08;28;35;264464,32;7405001,00;57,14%;151122,47;6331;9686;221930,32;1405040854,00;41,54%;150593,88;311
2025-07-09;45;58;222829,38;10027322,00;91,84%;204639,22;6376;9744;221936,66;1415068176,00;41,71%;151182,50;312
2025-07-10;46;61;234559,87;10789754,00;93,88%;220199,06;6422;9805;222027,08;1425857930,00;41,87%;151848,55;313
2025-07-11;48;67;232386,08;11154532,00;97,96%;227643,51;6470;9872;222103,94;1437012462,00;42,05%;152549,09;314
2025-07-12;40;56;224025,30;8961012,00;81,63%;182877,80;6510;9928;222115,74;1445973474,00;42,18%;153013,07;315
2025-07-13;33;42;222424,24;7340000,00;67,35%;149795,92;6543;9970;222117,30;1453313474,00;42,26%;153303,11;316
2025-07-14;37;49;223456,70;8267898,00;75,51%;168732,61;6580;10019;222124,83;1461581372,00;42,36%;153688,89;317
2025-07-15;45;61;264195,96;11888818,00;91,84%;242628,94;6625;10080;222410,59;1473470190,00;42,52%;154451,80;318
2025-07-16;48;66;231619,48;11117735,00;97,96%;226892,55;6673;10146;222476,84;1484587925,00;42,69%;155129,35;319
2025-07-17;49;71;226307,88;11089086,00;100,00%;226307,88;6722;10217;222504,76;1495677011,00;42,87%;155799,69;320
2025-07-18;45;68;215027,27;9676227,00;91,84%;197474,02;6767;10285;222455,04;1505353238,00;43,02%;156319,13;321
2025-07-19;32;47;215331,00;6890592,00;65,31%;140624,33;6799;10332;222421,51;1512243830,00;43,09%;156546,98;322
2025-07-20;16;23;227219,75;3635516,00;32,65%;74194,20;6815;10355;222432,77;1515879346,00;43,06%;156437,50;323
2025-07-21;5;10;287490,60;1437453,00;10,20%;29335,78;6820;10365;222480,47;1517316799,00;42,96%;156102,55;324
2025-07-22;13;20;301976,54;3925695,00;26,53%;80116,22;6833;10385;222631,71;1521242494,00;42,91%;156024,87;325
2025-07-23;13;21;195924,92;2547024,00;26,53%;51980,08;6846;10406;222581,00;1523789518,00;42,86%;155806,70;326
2025-07-24;32;49;173261,53;5544369,00;65,31%;113150,39;6878;10455;222351,54;1529333887,00;42,93%;155895,40;327
2025-07-25;7;13;270321,14;1892248,00;14,29%;38617,31;6885;10468;222400,31;1531226135,00;42,84%;155612,41;328
2025-07-26;7;12;190285,71;1332000,00;14,29%;27183,67;6892;10480;222367,69;1532558135,00;42,75%;155274,38;329
2025-07-27;12;24;243789,50;2925474,00;24,49%;59703,55;6904;10504;222404,93;1535483609,00;42,70%;155099,35;330
2025-07-28;7;12;198293,43;1388054,00;14,29%;28327,63;6911;10516;222380,50;1536871663,00;42,61%;154770,56;331
2025-07-29;12;15;206586,17;2479034,00;24,49%;50592,53;6923;10531;222353,13;1539350697,00;42,56%;154553,28;332
2025-07-30;10;13;191892,80;1918928,00;20,41%;39161,80;6933;10544;222309,19;1541269625,00;42,49%;154281,24;333
2025-07-31;7;8;135201285,86;946409001,00;14,29%;19314469,41;6940;10552;358455,13;2487678626,00;42,40%;248271,32;334
2025-08-01;7;10;145882,14;1021175,00;14,29%;20840,31;6947;10562;358240,94;2488699801,00;42,32%;247631,82;335
2025-08-02;8;13;202271,88;1618175,00;16,33%;33023,98;6955;10575;358061,54;2490317976,00;42,24%;247055,35;336
2025-08-03;7;10;207142,86;1450000,00;14,29%;29591,84;6962;10585;357909,79;2491767976,00;42,16%;246465,68;337
2025-08-04;10;15;234092,40;2340924,00;20,41%;47773,96;6972;10600;357732,20;2494108900,00;42,10%;245967,35;338
2025-08-05;14;20;225718,21;3160055,00;28,57%;64490,92;6986;10620;357467,64;2497268955,00;42,06%;245552,50;339
2025-08-06;11;18;208438,91;2292828,00;22,45%;46792,41;6997;10638;357233,35;2499561783,00;42,00%;245055,08;340
2025-08-07;27;43;174606,44;4714374,00;55,10%;96211,71;7024;10681;356531,34;2504276157,00;42,04%;244797,28;341
2025-08-08;13;22;230752,31;2999780,00;26,53%;61220,00;7037;10703;356298,98;2507275937,00;41,99%;244373,87;342
2025-08-09;5;8;220553,20;1102766,00;10,20%;22505,43;7042;10711;356202,60;2508378703,00;41,90%;243768,58;343
2025-08-10;5;10;225333,60;1126668,00;10,20%;22993,22;7047;10721;356109,74;2509505371,00;41,81%;243169,13;344
2025-08-11;6;10;215419,50;1292517,00;12,24%;26377,90;7053;10731;355990,06;2510797888,00;41,72%;242589,17;345
2025-08-12;23;34;213607,91;4912982,00;46,94%;100264,94;7076;10765;355527,26;2515710870,00;41,74%;242361,36;346
2025-08-13;30;46;163893,67;4916810,00;61,22%;100343,06;7106;10811;354718,22;2520627680,00;41,79%;242135,22;347
2025-08-14;43;65;177347,91;7625960,00;87,76%;155631,84;7149;10876;353651,37;2528253640,00;41,92%;242169,89;348
2025-08-15;37;53;240651,57;8904108,00;75,51%;181716,49;7186;10929;353069,54;2537157748,00;42,02%;242326,43;349
2025-08-16;25;36;219236,20;5480905,00;51,02%;111855,20;7211;10965;352605,55;2542638653,00;42,05%;242156,06;350
2025-08-17;19;27;213057,58;4048094,00;38,78%;82614,16;7230;10992;352238,83;2546686747,00;42,04%;241850,59;351
2025-08-18;6;9;226967,00;1361802,00;12,24%;27791,88;7236;11001;352134,96;2548048549,00;41,95%;241292,48;352
2025-08-19;8;10;212750,25;1702002,00;16,33%;34734,73;7244;11011;351981,03;2549750551,00;41,88%;240769,65;353
2025-08-20;23;35;250655,17;5765069,00;46,94%;117654,47;7267;11046;351660,33;2555515620,00;41,89%;240632,36;354
2025-08-21;40;64;257026,73;10281069,00;81,63%;209817,73;7307;11110;351142,29;2565796689,00;42,01%;240919,88;355
2025-08-22;31;54;227195,61;7043064,00;63,27%;143736,00;7338;11164;350618,66;2572839753,00;42,07%;240902,60;356
2025-08-23;26;45;239656,88;6231079,00;53,06%;127164,88;7364;11209;350226,89;2579070832,00;42,10%;240809,60;357
2025-08-24;25;41;217118,96;5427974,00;51,02%;110774,98;7389;11250;349776,53;2584498806,00;42,12%;240642,35;358
2025-08-25;10;14;228759,80;2287598,00;20,41%;46685,67;7399;11264;349612,98;2586786404,00;42,06%;240184,44;359
2025-08-26;37;51;261868,89;9689149,00;75,51%;197737,73;7436;11315;349176,38;2596475553,00;42,15%;240414,40;360
2025-08-27;47;60;250587,74;11777624,00;95,92%;240359,67;7483;11375;348557,15;2608253177,00;42,30%;240835,94;361
2025-08-28;42;46;239361,50;10053183,00;85,71%;205167,00;7525;11421;347947,69;2618306360,00;42,42%;241096,35;362
2025-08-29;23;28;354772,61;8159770,00;46,94%;166525,92;7548;11449;347968,49;2626466130,00;42,44%;241181,46;363
2025-08-30;5;6;316913,20;1584566,00;10,20%;32338,08;7553;11455;347947,93;2628050696,00;42,35%;240663,98;364
2025-08-31;3;3;206000,00;618000,00;6,12%;12612,24;7556;11458;347891,57;2628668696,00;42,25%;240061,07;365
2025-09-01;3;7;329818,00;989454,00;6,12%;20192,94;7559;11465;347884,40;2629658150,00;42,15%;239495,28;366
2025-09-02;8;16;287931,63;2303453,00;16,33%;47009,24;7567;11481;347821,01;2631961603,00;42,08%;239051,92;367
2025-09-03;8;10;299180,63;2393445,00;16,33%;48845,82;7575;11491;347769,64;2634355048,00;42,01%;238619,12;368
2025-09-04;9;13;244513,11;2200618,00;18,37%;44910,57;7584;11504;347647,11;2636555666,00;41,94%;238171,24;369
2025-09-05;4;11;266892,75;1067571,00;8,16%;21787,16;7588;11515;347604,54;2637623237,00;41,85%;237623,72;370
2025-09-06;7;15;274857,29;1924001,00;14,29%;39265,33;7595;11530;347537,49;2639547238,00;41,78%;237156,09;371
2025-09-07;7;13;232802,57;1629618,00;14,29%;33257,51;7602;11543;347431,84;2641176856,00;41,71%;236664,59;372
2025-09-08;16;25;238361,63;3813786,00;32,65%;77832,37;7618;11568;347202,76;2644990642,00;41,68%;236370,92;373
2025-09-09;31;44;232437,13;7205551,00;63,27%;147052,06;7649;11612;346737,64;2652196193,00;41,74%;236381,12;374
2025-09-10;23;33;225472,87;5185876,00;46,94%;105834,20;7672;11645;346374,10;2657382069,00;41,75%;236211,74;375
2025-09-11;24;37;223755,71;5370137,00;48,98%;109594,63;7696;11682;345991,71;2662752206,00;41,77%;236059,59;376
2025-09-12;12;21;261720,33;3140644,00;24,49%;64094,78;7708;11703;345860,52;2665892850,00;41,73%;235711,13;377
2025-09-13;13;22;211735,54;2752562,00;26,53%;56174,73;7721;11725;345634,69;2668645412,00;41,69%;235330,28;378
2025-09-14;9;17;245023,33;2205210,00;18,37%;45004,29;7730;11742;345517,54;2670850622,00;41,62%;234903,31;379
2025-09-15;22;27;263247,45;5791444,00;44,90%;118192,73;7752;11769;345284,06;2676642066,00;41,63%;234793,16;380
2025-09-16;28;44;239443,75;6704425,00;57,14%;136825,00;7780;11813;344903,15;2683346491,00;41,67%;234763,47;381
2025-09-17;16;23;225952,94;3615247,00;32,65%;73780,55;7796;11836;344659,02;2686961738,00;41,65%;234464,38;382
2025-09-18;16;22;212010,94;3392175,00;32,65%;69228,06;7812;11858;344387,34;2690353913,00;41,63%;234147,42;383
2025-09-19;12;22;228655,75;2743869,00;24,49%;55997,33;7824;11880;344209,84;2693097782,00;41,58%;233775,85;384
2025-09-20;18;28;228360,06;4110481,00;36,73%;83887,37;7842;11908;343943,93;2697208263,00;41,57%;233524,52;385
2025-09-21;11;16;229933,64;2529270,00;22,45%;51617,76;7853;11924;343784,23;2699737533,00;41,52%;233137,96;386
2025-09-22;12;17;224605,83;2695270,00;24,49%;55005,51;7865;11941;343602,39;2702432803,00;41,48%;232767,68;387
2025-09-23;25;37;218712,48;5467812,00;51,02%;111588,00;7890;11978;343206,67;2707900615,00;41,50%;232637,51;388
2025-09-24;22;31;203145,68;4469205,00;44,90%;91208,27;7912;12009;342817,22;2712369820,00;41,51%;232422,44;389
2025-09-25;13;22;201560,62;2620288,00;26,53%;53475,27;7925;12031;342585,50;2714990108,00;41,47%;232050,44;390
2025-09-26;11;18;203030,00;2233330,00;22,45%;45578,16;7936;12049;342392,07;2717223438,00;41,42%;231647,35;391
2025-09-27;28;45;178026,75;4984749,00;57,14%;101729,57;7964;12094;341814,19;2722208187,00;41,46%;231480,29;392
2025-09-28;9;10;241789,89;2176109,00;18,37%;44410,39;7973;12104;341701,28;2724384296,00;41,40%;231075,85;393
2025-09-29;22;28;211566,32;4654459,00;44,90%;94988,96;7995;12132;341343,18;2729038755,00;41,41%;230883,14;394
2025-09-30;43;53;228399,72;9821188,00;87,76%;200432,41;8038;12185;340738,98;2738859943,00;41,53%;231127,42;395
2025-10-01;48;64;234762,60;11268605,00;97,96%;229971,53;8086;12249;340109,89;2750128548,00;41,67%;231492,30;396
2025-10-02;46;61;228069,70;10491206,00;93,88%;214106,24;8132;12310;339476,11;2760619754,00;41,80%;231790,07;397
2025-10-03;44;74;222852,59;9805514,00;89,80%;200112,53;8176;12384;338848,49;2770425268,00;41,92%;232028,92;398
2025-10-04;17;31;203069,88;3452188,00;34,69%;70452,82;8193;12415;338566,76;2773877456,00;41,91%;231735,79;399
2025-10-05;8;12;147023,75;1176190,00;16,33%;24003,88;8201;12427;338379,91;2775053646,00;41,84%;231254,47;400
2025-10-06;9;15;222860,11;2005741,00;18,37%;40933,49;8210;12442;338253,27;2777059387,00;41,78%;230844,50;401
2025-10-07;20;32;184976,55;3699531,00;40,82%;75500,63;8230;12474;337880,79;2780758918,00;41,78%;230577,02;402
2025-10-08;23;32;211803,83;4871488,00;46,94%;99418,12;8253;12506;337529,43;2785630406,00;41,79%;230407,81;403
2025-10-09;14;25;222696,86;3117756,00;28,57%;63627,67;8267;12531;337334,97;2788748162,00;41,76%;230094,73;404
2025-10-10;16;25;211173,13;3378770,00;32,65%;68954,49;8283;12556;337091,26;2792126932,00;41,74%;229804,69;405
2025-10-11;8;18;250358,88;2002871,00;16,33%;40874,92;8291;12574;337007,57;2794129803,00;41,68%;229403,10;406
2025-10-12;9;17;275343,44;2478091,00;18,37%;50573,29;8300;12591;336940,71;2796607894,00;41,62%;229042,42;407
2025-10-13;11;14;209569,36;2305263,00;22,45%;47046,18;8311;12605;336772,13;2798913157,00;41,57%;228669,38;408
2025-10-14;17;20;192518,00;3272806,00;34,69%;66791,96;8328;12625;336477,66;2802185963,00;41,55%;228377,01;409
2025-10-15;38;51;209463,76;7959623,00;77,55%;162441,29;8366;12676;335900,74;2810145586,00;41,64%;228467,12;410
2025-10-16;44;68;207313,52;9121795,00;89,80%;186159,08;8410;12744;335227,99;2819267381,00;41,76%;228651,04;411
2025-10-17;43;75;207822,74;8936378,00;87,76%;182375,06;8453;12819;334579,88;2828203759,00;41,87%;228819,07;412
2025-10-18;17;31;273125,76;4643138,00;34,69%;94757,92;8470;12850;334456,54;2832846897,00;41,85%;228639,78;413
2025-10-19;7;8;169189,71;1184328,00;14,29%;24169,96;8477;12858;334320,07;2834031225,00;41,79%;228182,87;414
2025-10-20;11;13;269249,82;2961748,00;22,45%;60443,84;8488;12871;334235,74;2836992973,00;41,74%;227870,92;415
2025-10-21;23;33;226296,57;5204821,00;46,94%;106220,84;8511;12904;333944,05;2842197794,00;41,75%;227740,21;416
2025-10-22;42;57;216587,38;9096670,00;85,71%;185646,33;8553;12961;333367,76;2851294464,00;41,86%;227921,22;417
2025-10-23;47;66;224767,17;10564057,00;95,92%;215593,00;8600;13027;332774,25;2861858521,00;41,99%;228218,38;418
2025-10-24;45;67;230594,02;10376731,00;91,84%;211770,02;8645;13094;332242,37;2872235252,00;42,11%;228499,22;419
2025-10-25;38;64;237879,03;9039403,00;77,55%;184477,61;8683;13158;331829,40;2881274655,00;42,19%;228672,59;420
2025-10-26;13;22;226032,77;2938426,00;26,53%;59967,88;8696;13180;331671,24;2884213081,00;42,15%;228362,08;421
2025-10-27;10;12;173100,30;1731003,00;20,41%;35326,59;8706;13192;331489,10;2885944084,00;42,10%;227957,67;422
2025-10-28;26;32;234324,00;6092424,00;53,06%;124335,18;8732;13224;331199,78;2892036508,00;42,13%;227898,86;423
2025-10-29;41;54;296143,27;12141874,00;83,67%;247793,35;8773;13278;331035,95;2904178382,00;42,23%;228315,91;424
2025-10-30;39;57;308341,69;12025326,00;79,59%;245414,82;8812;13335;330935,51;2916203708,00;42,31%;228721,86;425
2025-10-31;30;33;238521,67;7155650,00;61,22%;146033,67;8842;13368;330621,96;2923359358,00;42,36%;228744,86;426
2025-11-01;40;49;253188,80;10127552,00;81,63%;206684,73;8882;13417;330273,24;2933486910,00;42,45%;228999,76;427
2025-11-02;31;34;242312,61;7511691,00;63,27%;153299,82;8913;13451;329967,31;2940998601,00;42,50%;229049,74;428
2025-11-03;37;43;252114,92;9328252,00;75,51%;190372,49;8950;13494;329645,46;2950326853,00;42,58%;229240,63;429
2025-11-04;46;55;241504,15;11109191,00;93,88%;226718,18;8996;13549;329194,76;2961436044,00;42,70%;229568,69;430
2025-11-05;46;54;254166,17;11691644,00;93,88%;238604,98;9042;13603;328813,06;2973127688,00;42,81%;229940,27;431
2025-11-06;46;54;584361,09;26880610,00;93,88%;548583,88;9088;13657;330106,55;3000008298,00;42,93%;231482,12;432
2025-11-07;19;24;172276,58;3273255,00;38,78%;66801,12;9107;13681;329777,27;3003281553,00;42,92%;231199,50;433
2025-11-08;5;7;175848,00;879240,00;10,20%;17943,67;9112;13688;329692,80;3004160793,00;42,85%;230734,32;434
2025-11-09;11;17;218678,64;2405465,00;22,45%;49091,12;9123;13705;329558,95;3006566258,00;42,80%;230388,22;435
2025-11-10;10;16;241222,20;2412222,00;20,41%;49229,02;9133;13721;329462,22;3008978480,00;42,75%;230044,23;436
2025-11-11;23;35;238337,91;5481772,00;46,94%;111872,90;9156;13756;329233,32;3014460252,00;42,76%;229935,95;437
2025-11-12;28;37;201844,04;5651633,00;57,14%;115339,45;9184;13793;328844,94;3020111885,00;42,79%;229841,09;438
2025-11-13;25;37;227388,92;5684723,00;51,02%;116014,76;9209;13830;328569,51;3025796608,00;42,81%;229749,17;439
2025-11-14;25;42;253483,48;6337087,00;51,02%;129328,31;9234;13872;328366,22;3032133695,00;42,83%;229707,10;440
2025-11-15;18;32;238150,00;4286700,00;36,73%;87483,67;9252;13904;328190,70;3036420395,00;42,82%;229510,23;441
2025-11-16;22;39;250759,09;5516700,00;44,90%;112585,71;9274;13943;328007,02;3041937095,00;42,82%;229407,02;442
2025-11-17;22;37;245475,18;5400454,00;44,90%;110213,35;9296;13980;327811,70;3047337549,00;42,82%;229295,53;443
2025-11-18;34;49;253205,88;8609000,00;69,39%;175693,88;9330;14029;327539,82;3055946549,00;42,88%;229425,42;444
2025-11-19;30;46;221843,13;6655294,00;61,22%;135822,33;9360;14075;327201,05;3062601843,00;42,93%;229408,38;445
2025-11-20;40;61;216591,88;8663675,00;81,63%;176809,69;9400;14136;326730,37;3071265518,00;43,01%;229541,52;446
2025-11-21;26;45;233606,92;6073780,00;53,06%;123954,69;9426;14181;326473,51;3077339298,00;43,04%;229480,93;447
2025-11-22;24;43;221009,17;5304220,00;48,98%;108249,39;9450;14224;326205,66;3082643518,00;43,05%;229363,36;448
2025-11-23;17;30;225588,24;3835000,00;34,69%;78265,31;9467;14254;326024,98;3086478518,00;43,03%;229137,23;449
2025-11-24;13;21;243433,00;3164629,00;26,53%;64584,27;9480;14275;325911,72;3089643147,00;42,99%;228862,46;450
2025-11-25;8;10;224356,25;1794850,00;16,33%;36629,59;9488;14285;325826,10;3091437997,00;42,93%;228487,66;451
2025-11-26;14;20;262692,86;3677700,00;28,57%;75055,10;9502;14305;325733,08;3095115697,00;42,90%;228253,37;452
2025-11-27;51;81;253901,92;12948998,00;104,08%;264265,27;9553;14386;325349,60;3108064695,00;43,04%;228702,33;453
2025-11-28;50;86;248439,38;12421969,00;102,04%;253509,57;9603;14472;324949,15;3120486664,00;43,17%;229110,62;454
2025-11-29;40;59;247668,03;9906721,00;81,63%;202177,98;9643;14531;324628,58;3130393385,00;43,25%;229332,85;455
2025-11-30;29;37;249450,17;7234055,00;59,18%;147633,78;9672;14568;324403,17;3137627440,00;43,29%;229358,73;456
2025-12-01;16;17;240760,56;3852169,00;32,65%;78615,69;9688;14585;324265,03;3141479609,00;43,26%;229137,83;457
2025-12-02;17;18;214553,18;3647404,00;34,69%;74436,82;9705;14603;324072,85;3145127013,00;43,24%;228902,98;458
2025-12-03;21;25;216153,62;4539226,00;42,86%;92637,27;9726;14628;323839,84;3149666239,00;43,24%;228733,93;459
2025-12-04;15;19;714661,27;10719919,00;30,61%;218773,86;9741;14647;324441,65;3160386158,00;43,22%;229013,49;460
2025-12-05;14;20;209564,14;2933898,00;28,57%;59875,47;9755;14667;324276,79;3163320056,00;43,18%;228728,85;461
2025-12-06;12;20;224351,83;2692222,00;24,49%;54943,31;9767;14687;324154,02;3166012278,00;43,14%;228428,01;462
2025-12-07;2;4;220611,00;441222,00;4,08%;9004,53;9769;14691;324132,82;3166453500,00;43,06%;227966,41;463
2025-12-08;1;2;196225,00;196225,00;2,04%;4004,59;9770;14693;324119,73;3166649725,00;42,97%;227489,20;464
2025-12-09;8;13;204545,50;1636364,00;16,33%;33395,18;9778;14706;324021,89;3168286089,00;42,91%;227117,28;465
2025-12-10;12;19;277890,42;3334685,00;24,49%;68054,80;9790;14725;323965,35;3171620774,00;42,87%;226868,44;466
2025-12-11;36;53;193073,42;6950643,00;73,47%;141849,86;9826;14778;323485,79;3178571417,00;42,94%;226878,76;467
2025-12-12;20;33;253688,40;5073768,00;40,82%;103546,29;9846;14811;323344,02;3183645185,00;42,94%;226755,36;468
2025-12-13;12;25;162276,42;1947317,00;24,49%;39741,16;9858;14836;323147,95;3185592502,00;42,90%;226410,27;469
2025-12-14;7;12;553440,00;3874080,00;14,29%;79062,86;9865;14848;323311,36;3189466582,00;42,84%;226203,30;470
2025-12-15;10;18;247084,40;2470844,00;20,41%;50425,39;9875;14866;323234,17;3191937426,00;42,79%;225897,91;471
2025-12-16;40;59;175465,65;7018626,00;81,63%;143237,27;9915;14925;322638,03;3198956052,00;42,87%;225914,98;472
2025-12-17;25;33;207058,16;5176454,00;51,02%;105641,92;9940;14958;322347,33;3204132506,00;42,89%;225802,15;473
2025-12-18;8;10;192431,75;1539454,00;16,33%;31417,43;9948;14968;322242,86;3205671960,00;42,83%;225434,03;474
2025-12-19;41;79;167779,27;6878950,00;83,67%;140386,73;9989;15047;321608,86;3212550910,00;42,92%;225442,17;475
2025-12-20;20;22;160975,85;3219517,00;40,82%;65704,43;10009;15069;321287,88;3215770427,00;42,91%;225194,01;476
2025-12-21;3;5;224694,67;674084,00;6,12%;13756,82;10012;15074;321258,94;3216444511,00;42,84%;224769,01;477
2025-12-22;5;8;250800,00;1254000,00;10,20%;25591,84;10017;15082;321223,77;3217698511,00;42,77%;224386,23;478
2025-12-23;0;0;#�DIV/0!;0,00;0,00%;0,00;10017;15082;321223,77;3217698511,00;42,68%;223917,78;479
2025-12-24;0;0;#�DIV/0!;0,00;0,00%;0,00;10017;15082;321223,77;3217698511,00;42,59%;223451,29;480
2025-12-25;0;0;#�DIV/0!;0,00;0,00%;0,00;10017;15082;321223,77;3217698511,00;42,50%;222986,73;481
2025-12-26;4;9;147499,50;589998,00;8,16%;12040,78;10021;15091;321154,43;3218288509,00;42,43%;222564,90;482
2025-12-27;0;0;#�DIV/0!;0,00;0,00%;0,00;10021;15091;321154,43;3218288509,00;42,34%;222104,11;483
2025-12-28;11;27;247272,73;2720000,00;22,45%;55510,20;10032;15118;321073,42;3221008509,00;42,30%;221832,54;484
2025-12-29;0;0;#�DIV/0!;0,00;0,00%;0,00;10032;15118;321073,42;3221008509,00;42,21%;221375,16;485
2025-12-30;0;0;#�DIV/0!;0,00;0,00%;0,00;10032;15118;321073,42;3221008509,00;42,13%;220919,65;486
2025-12-31;0;0;#�DIV/0!;0,00;0,00%;0,00;10032;15118;321073,42;3221008509,00;42,04%;220466,02;487
2026-01-01;1;2;142857,00;142857,00;2,04%;2915,45;10033;15120;321055,65;3221151366,00;41,96%;220024,00;488
2026-01-02;1;2;277310,00;277310,00;2,04%;5659,39;10034;15122;321051,29;3221428676,00;41,88%;219592,96;489
2026-01-03;1;2;277311,00;277311,00;2,04%;5659,41;10035;15124;321046,93;3221705987,00;41,80%;219163,67;490
2026-01-04;1;1;220001,00;220001,00;2,04%;4489,82;10036;15125;321036,87;3221925988,00;41,71%;218732,25;491
2026-01-05;2;5;229500,00;459000,00;4,08%;9367,35;10038;15130;321018,63;3222384988,00;41,64%;218318,77;492
2026-01-06;4;4;192500,00;770000,00;8,16%;15714,29;10042;15134;320967,44;3223154988,00;41,57%;217927,99;493
2026-01-07;5;5;201000,00;1005000,00;10,20%;20510,20;10047;15139;320907,73;3224159988,00;41,51%;217554,66;494
2026-01-08;5;7;162000,00;810000,00;10,20%;16530,61;10052;15146;320828,69;3224969988,00;41,44%;217169,70;495
2026-01-09;4;6;293152,25;1172609,00;8,16%;23930,80;10056;15152;320817,68;3226142597,00;41,38%;216810,66;496
2026-01-10;1;2;207765,00;207765,00;2,04%;4240,10;10057;15154;320806,44;3226350362,00;41,30%;216388,35;497
2026-01-11;12;0;239333,33;2872000,00;24,49%;58612,24;10069;15154;320709,34;3229222362,00;41,26%;216146,08;498
2026-01-12;4;8;170559,00;682236,00;8,16%;13923,18;10073;15162;320649,72;3229904598,00;41,20%;215758,49;499
2026-01-13;4;7;211162,50;844650,00;8,16%;17237,76;10077;15169;320606,26;3230749248,00;41,13%;215383,28;500
2026-01-14;8;12;232068,75;1856550,00;16,33%;37888,78;10085;15181;320536,02;3232605798,00;41,08%;215076,90;501
2026-01-15;4;7;213169,00;852676,00;8,16%;17401,55;10089;15188;320493,46;3233458474,00;41,02%;214705,08;502
2026-01-16;1;3;297000,00;297000,00;2,04%;6061,22;10090;15191;320491,13;3233755474,00;40,94%;214297,91;503
2026-01-17;2;6;259500,00;519000,00;4,08%;10591,84;10092;15197;320479,04;3234274474,00;40,86%;213907,04;504
2026-01-18;7;14;210738,14;1475167,00;14,29%;30105,45;10099;15211;320402,97;3235749641,00;40,81%;213580,83;505
2026-01-19;11;16;207107,64;2278184,00;22,45%;46493,55;10110;15227;320279,71;3238027825,00;40,78%;213308,82;506
2026-01-20;16;21;213695,94;3419135,00;32,65%;69778,27;10126;15248;320111,29;3241446960,00;40,76%;213112,88;507
2026-01-21;24;28;210996,88;5063925,00;48,98%;103345,41;10150;15276;319853,29;3246510885,00;40,78%;213025,65;508
2026-01-22;46;72;199782,96;9190016,00;93,88%;187551,35;10196;15348;319311,58;3255700901,00;40,88%;213208,97;509
2026-01-23;38;60;193388,71;7348771,00;77,55%;149974,92;10234;15408;318844,02;3263049672,00;40,95%;213271,22;510
2026-01-24;20;33;158799,35;3175987,00;40,82%;64816,06;10254;15441;318531,86;3266225659,00;40,95%;213061,03;511
2026-01-25;9;17;130000,00;1170000,00;18,37%;23877,55;10263;15458;318366,53;3267395659,00;40,91%;212721,07;512
2026-01-26;7;11;224000,00;1568000,00;14,29%;32000,00;10270;15469;318302,21;3268963659,00;40,86%;212408,29;513
2026-01-27;17;21;317762,59;5401964,00;34,69%;110244,16;10287;15490;318301,31;3274365623,00;40,84%;212345,37;514
2026-01-28;33;45;208309,09;6874200,00;67,35%;140289,80;10320;15535;317949,60;3281239823,00;40,90%;212377,98;515
2026-01-29;33;52;209378,97;6909506,00;67,35%;141010,33;10353;15587;317603,53;3288149329,00;40,95%;212412,75;516
2026-01-30;8;15;283331,13;2266649,00;16,33%;46258,14;10361;15602;317577,07;3290415978,00;40,90%;212148,03;517
2026-01-31;22;37;232019,59;5104431,00;44,90%;104172,06;10383;15639;317395,78;3295520409,00;40,91%;212066,95;518
2026-02-01;4;7;379646,25;1518585,00;8,16%;30991,53;10387;15646;317419,75;3297038994,00;40,84%;211755,88;519
2026-02-02;24;43;252007,67;6048184,00;48,98%;123432,33;10411;15689;317268,96;3303087178,00;40,86%;211736,36;520
2026-02-03;33;52;255561,36;8433525,00;67,35%;172112,76;10444;15741;317073,99;3311520703,00;40,91%;211869,53;521
2026-02-04;40;65;231439,58;9257583,00;81,63%;188930,27;10484;15806;316747,26;3320778286,00;40,99%;212054,81;522
2026-02-05;33;55;244628,61;8072744,00;67,35%;164749,88;10517;15861;316520,97;3328851030,00;41,04%;212163,86;523
2026-02-06;14;22;218606,36;3060489,00;28,57%;62458,96;10531;15883;316390,80;3331911519,00;41,01%;211953,66;524
2026-02-07;9;16;246205,78;2215852,00;18,37%;45221,47;10540;15899;316330,87;3334127371,00;40,97%;211690,63;525
2026-02-08;4;6;236138,00;944552,00;8,16%;19276,57;10544;15905;316300,45;3335071923,00;40,91%;211348,03;526
2026-02-09;14;20;279546,36;3913649,00;28,57%;79870,39;10558;15925;316251,71;3338985572,00;40,89%;211194,53;527
2026-02-10;16;22;273048,38;4368774,00;32,65%;89158,65;10574;15947;316186,34;3343354346,00;40,87%;211070,35;528
2026-02-11;12;14;223055,58;2676667,00;24,49%;54625,86;10586;15961;316080,77;3346031013,00;40,84%;210840,01;529
2026-02-12;14;21;219947,21;3079261,00;28,57%;62842,06;10600;15982;315953,80;3349110274,00;40,82%;210635,87;530
2026-02-13;4;6;291876,75;1167507,00;8,16%;23826,67;10604;15988;315944,72;3350277781,00;40,75%;210312,48;531
2026-02-14;0;0;#�DIV/0!;0,00;0,00%;0,00;10604;15988;315944,72;3350277781,00;40,68%;209917,15;532
2026-02-15;2;0;222000,50;444001,00;4,08%;9061,24;10606;15988;315927,00;3350721782,00;40,61%;209551,08;533
2026-02-16;5;6;238200,00;1191000,00;10,20%;24306,12;10611;15994;315890,38;3351912782,00;40,55%;209233,01;534
2026-02-17;4;5;198054,75;792219,00;8,16%;16167,73;10615;15999;315845,97;3352705001,00;40,49%;208891,28;535
2026-02-18;29;40;287310,79;8332013,00;59,18%;170041,08;10644;16039;315768,23;3361037014,00;40,53%;209019,71;536
2026-02-19;12;14;229129,75;2749557,00;24,49%;56113,41;10656;16053;315670,66;3363786571,00;40,50%;208801,15;537
2026-02-20;32;65;249006,84;7968219,00;65,31%;162616,71;10688;16118;315471,07;3371754790,00;40,54%;208906,74;538
2026-02-21;31;69;297283,84;9215799,00;63,27%;188077,53;10719;16187;315418,47;3380970589,00;40,59%;209089,09;539
2026-02-22;14;28;279000,64;3906009,00;28,57%;79714,47;10733;16215;315370,97;3384876598,00;40,56%;208943,00;540
2026-02-23;13;18;361769,31;4703001,00;26,53%;95979,61;10746;16233;315427,10;3389579599,00;40,54%;208846,56;541
2026-02-24;36;61;296935,75;10689687,00;73,47%;218156,88;10782;16294;315365,36;3400269286,00;40,60%;209118,65;542
2026-02-25;50;79;300067,84;15003392,00;102,04%;306191,67;10832;16373;315294,75;3415272678,00;40,71%;209654,55;543
2026-02-26;49;79;292157,10;14315698,00;100,00%;292157,10;10881;16452;315190,55;3429588376,00;40,82%;210146,35;544
2026-02-27;12;16;273467,67;3281612,00;24,49%;66971,67;10893;16468;315144,59;3432869988,00;40,79%;209961,47;545
2026-02-28;1;2;273000,00;273000,00;2,04%;5571,43;10894;16470;315140,72;3433142988,00;40,72%;209593,59;546
2026-03-01;0;0;#�DIV/0!;0,00;0,00%;0,00;10894;16470;315140,72;3433142988,00;40,64%;209210,42;547
2026-03-02;6;9;224243,00;1345458,00;12,24%;27458,33;10900;16479;315090,68;3434488446,00;40,59%;208910,49;548
2026-03-03;5;6;208064,20;1040321,00;10,20%;21231,04;10905;16485;315041,61;3435528767,00;40,54%;208593,12;549
2026-03-04;5;6;208064,80;1040324,00;10,20%;21231,10;10910;16491;314992,58;3436569091,00;40,48%;208276,91;550
2026-03-05;5;5;215644,40;1078222,00;10,20%;22004,53;10915;16496;314947,07;3437647313,00;40,43%;207964,14;551
2026-03-06;2;3;165338,00;330676,00;4,08%;6748,49;10917;16499;314919,67;3437977989,00;40,36%;207607,37;552
2026-03-07;1;1;196222,00;196222,00;2,04%;4004,53;10918;16500;314908,79;3438174211,00;40,29%;207243,77;553
2026-03-08;6;6;209046,00;1254276,00;12,24%;25597,47;10924;16506;314850,65;3439428487,00;40,24%;206945,16;554
2026-03-09;3;3;204407,33;613222,00;6,12%;12514,73;10927;16509;314820,33;3440041709,00;40,18%;206609,11;555
2026-03-10;5;7;235219,20;1176096,00;10,20%;24001,96;10932;16516;314783,92;3441217805,00;40,13%;206308,02;556
2026-03-11;8;14;231652,75;1853222,00;16,33%;37820,86;10940;16530;314723,13;3443071027,00;40,08%;206048,54;557
2026-03-12;6;9;234666,67;1408000,00;12,24%;28734,69;10946;16539;314679,25;3444479027,00;40,03%;205763,38;558
2026-03-13;5;10;172690,80;863454,00;10,20%;17621,51;10951;16549;314614,42;3445342481,00;39,98%;205446,78;559
2026-03-14;5;8;230421,80;1152109,00;10,20%;23512,43;10956;16557;314575,99;3446494590,00;39,93%;205148,49;560
2026-03-15;6;7;175525,33;1053152,00;12,24%;21492,90;10962;16564;314499,89;3447547742,00;39,88%;204845,38;561
2026-03-16;4;4;255038,00;1020152,00;8,16%;20819,43;10966;16568;314478,20;3448567894,00;39,82%;204541,39;562
2026-03-17;11;18;229300,18;2522302,00;22,45%;51475,55;10977;16586;314392,84;3451090196,00;39,79%;204327,42;563
2026-03-18;37;54;210863,70;7801957,00;75,51%;159223,61;11014;16640;314045,05;3458892153,00;39,85%;204426,25;564
2026-03-19;35;54;189903,40;6646619,00;71,43%;135645,29;11049;16694;313651,80;3465538772,00;39,91%;204456,56;565
2026-03-20;23;33;259924,22;5978257,00;46,94%;122005,24;11072;16727;313540,19;3471517029,00;39,92%;204447,41;566
2026-03-21;20;32;248230,85;4964617,00;40,82%;101318,71;11092;16759;313422,43;3476481646,00;39,92%;204378,70;567
2026-03-22;3;8;250407,33;751222,00;6,12%;15331,06;11095;16767;313405,40;3477232868,00;39,86%;204062,96;568
2026-03-23;3;4;253001,00;759003,00;6,12%;15489,86;11098;16771;313389,07;3477991871,00;39,80%;203748,79;569
2026-03-24;3;5;208474,67;625424,00;6,12%;12763,76;11101;16776;313360,71;3478617295,00;39,75%;203427,91;570
2026-03-25;14;21;261808,64;3665321,00;28,57%;74802,47;11115;16797;313295,78;3482282616,00;39,73%;203285,62;571
2026-03-26;12;18;248147,83;2977774,00;24,49%;60770,90;11127;16815;313225,52;3485260390,00;39,70%;203103,75;572
2026-03-27;3;6;597774,00;1793322,00;6,12%;36598,41;11130;16821;313302,22;3487053712,00;39,64%;202853,62;573
2026-03-28;3;6;238000,00;714000,00;6,12%;14571,43;11133;16827;313281,93;3487767712,00;39,58%;202541,68;574
2026-03-29;2;4;218660,50;437321,00;4,08%;8924,92;11135;16831;313264,93;3488205033,00;39,52%;202214,78;575
2026-03-30;3;5;213207,00;639621,00;6,12%;13053,49;11138;16836;313237,98;3488844654,00;39,46%;201900,73;576
2026-03-31;3;4;235025,33;705076,00;6,12%;14389,31;11141;16840;313216,92;3489549730,00;39,41%;201591,55;577
2026-04-01;1;2;195075,00;195075,00;2,04%;3981,12;11142;16842;313206,32;3489744805,00;39,34%;201254,03;578
2026-04-02;1;3;302522,00;302522,00;2,04%;6173,92;11143;16845;313205,36;3490047327,00;39,28%;200923,85;579
2026-04-03;0;0;#�DIV/0!;0,00;0,00%;0,00;11143;16845;313205,36;3490047327,00;39,21%;200577,43;580
2026-04-04;1;1;219000,00;219000,00;2,04%;4469,39;11144;16846;313196,91;3490266327,00;39,14%;200244,77;581
2026-04-05;2;2;237000,00;474000,00;4,08%;9673,47;11146;16848;313183,23;3490740327,00;39,08%;199927,85;582
2026-04-06;7;10;236571,43;1656000,00;14,29%;33795,92;11153;16858;313135,15;3492396327,00;39,04%;199679,61;583
2026-04-07;8;11;277000,00;2216000,00;16,33%;45224,49;11161;16869;313109,25;3494612327,00;39,00%;199464,17;584
2026-04-08;10;13;240055,00;2400550,00;20,41%;48990,82;11171;16882;313043,85;3497012877,00;38,97%;199259,99;585
2026-04-09;9;15;243889,33;2195004,00;18,37%;44796,00;11180;16897;312988,18;3499207881,00;38,94%;199044,82;586
2026-04-10;3;3;218000,00;654000,00;6,12%;13346,94;11183;16900;312962,70;3499861881,00;38,88%;198742,87;587
2026-04-11;2;5;235517,50;471035,00;4,08%;9612,96;11185;16905;312948,85;3500332916,00;38,82%;198431,57;588
2026-04-12;2;5;251869,50;503739,00;4,08%;10280,39;11187;16910;312937,93;3500836655,00;38,76%;198123,18;589
2026-04-13;17;26;233230,12;3964912,00;34,69%;80916,57;11204;16936;312816,99;3504801567,00;38,75%;198011,39;590
2026-04-14;36;51;269741,11;9710680,00;73,47%;198177,14;11240;16987;312679,03;3514512247,00;38,81%;198224,04;591
2026-04-15;19;23;236455,11;4492647,00;38,78%;91686,67;11259;17010;312550,39;3519004894,00;38,81%;198142,17;592
2026-04-16;47;60;351277,62;16510048,00;95,92%;336939,76;11306;17070;312711,39;3535514942,00;38,91%;198736,08;593
2026-04-17;16;25;275537,25;4408596,00;32,65%;89971,35;11322;17095;312658,85;3539923538,00;38,90%;198648,91;594
2026-04-18;4;8;360832,75;1443331,00;8,16%;29455,73;11326;17103;312675,87;3541366869,00;38,85%;198395,90;595
2026-04-19;2;2;231000,00;462000,00;4,08%;9428,57;11328;17105;312661,45;3541828869,00;38,79%;198088,86;596
2026-04-20;9;10;296333,33;2667000,00;18,37%;54428,57;11337;17115;312648,48;3544495869,00;38,75%;197905,97;597
2026-04-21;11;14;234387,55;2578263,00;22,45%;52617,61;11348;17129;312572,62;3547074132,00;38,73%;197718,74;598
2026-04-22;24;35;230794,13;5539059,00;48,98%;113042,02;11372;17164;312400,03;3552613191,00;38,74%;197696,89;599
2026-04-23;29;40;277098,45;8035855,00;59,18%;163997,04;11401;17204;312310,24;3560649046,00;38,78%;197813,84;600
2026-04-24;20;31;249630,85;4992617,00;40,82%;101890,14;11421;17235;312200,48;3565641663,00;38,78%;197761,60;601
2026-04-25;10;17;274903,80;2749038,00;20,41%;56102,82;11431;17252;312167,85;3568390701,00;38,75%;197585,31;602
2026-04-26;6;7;254000,00;1524000,00;12,24%;31102,04;11437;17259;312137,34;3569914701,00;38,71%;197341,89;603
2026-04-27;22;26;277509,09;6105200,00;44,90%;124595,92;11459;17285;312070,85;3576019901,00;38,72%;197352,09;604
2026-04-28;24;27;257805,08;6187322,00;48,98%;126271,88;11483;17312;311957,43;3582207223,00;38,74%;197366,79;605
2026-04-29;16;20;265862,25;4253796,00;32,65%;86812,16;11499;17332;311893,30;3586461019,00;38,72%;197275,08;606
2026-04-30;14;22;253674,43;3551442,00;28,57%;72478,41;11513;17354;311822,50;3590012461,00;38,71%;197145,11;607
2026-05-01;13;22;278167,38;3616176,00;26,53%;73799,51;11526;17376;311784,54;3593628637,00;38,69%;120623,95;608
2026-05-02;12;21;232880,83;2794570,00;24,49%;57032,04;11538;17397;311702,48;3596423207,00;38,66%;120519,53;609
2026-05-03;5;8;257824,40;1289122,00;10,20%;26308,61;11543;17405;311679,14;3597712329,00;38,62%;120365,08;610
2026-05-04;7;10;238921,86;1672453,00;14,29%;34131,69;11550;17415;311635,05;3599384782,00;38,58%;120223,95;611
2026-05-05;4;5;243250,25;973001,00;8,16%;19857,16;11554;17420;311611,37;3600357783,00;38,53%;120059,95;612
2026-05-06;6;7;230821,17;1384927,00;12,24%;28263,82;11560;17427;311569,44;3601742710,00;38,49%;119910,20;613
2026-05-07;8;11;293060,00;2344480,00;16,33%;47846,53;11568;17438;311556,64;3604087190,00;38,45%;119792,83;614
2026-05-08;3;5;326075,67;978227,00;6,12%;19963,82;11571;17443;311560,40;3605065417,00;38,40%;119630,51;615
2026-05-09;4;5;242500,00;970000,00;8,16%;19795,92;11575;17448;311536,54;3606035417,00;38,35%;119468,44;616
2026-05-10;3;4;236339,67;709019,00;6,12%;14469,78;11578;17452;311517,05;3606744436,00;38,30%;119298,26;617
2026-05-11;4;5;239575,00;958300,00;8,16%;19557,14;11582;17457;311492,21;3607702736,00;38,25%;119136,87;618
2026-05-12;22;35;221019,68;4862433,00;44,90%;99233,33;11604;17492;311320,68;3612565169,00;38,26%;119104,72;619
2026-05-13;33;48;251080,27;8285649,00;67,35%;169094,88;11637;17540;311149,85;3620850818,00;38,30%;119185,35;620
2026-05-14;30;45;251738,13;7552144,00;61,22%;154125,39;11667;17585;310997,08;3628402962,00;38,34%;119241,61;621
2026-05-15;24;37;221313,79;5311531,00;48,98%;108398,59;11691;17622;310812,98;3633714493,00;38,36%;119224,18;622
2026-05-16;13;25;200769,23;2610000,00;26,53%;53265,31;11704;17647;310690,75;3636324493,00;38,34%;119118,30;623
2026-05-17;11;21;190587,55;2096463,00;22,45%;42784,96;11715;17668;310577,97;3638420956,00;38,31%;118995,98;624
2026-05-18;10;20;139300,00;1393000,00;20,41%;28428,57;11725;17688;310431,89;3639813956,00;38,29%;118851,07;625
2026-05-19;20;32;223800,00;4476000,00;40,82%;91346,94;11745;17720;310284,37;3644289956,00;38,29%;118807,13;626
2026-05-20;21;32;175857,14;3693000,00;42,86%;75367,35;11766;17752;310044,45;3647982956,00;38,30%;118737,85;627
2026-05-21;21;32;217836,90;4574575,00;42,86%;93358,67;11787;17784;309880,17;3652557531,00;38,30%;118697,44;628
2026-05-22;18;34;198771,00;3577878,00;36,73%;73017,92;11805;17818;309710,75;3656135409,00;38,30%;118624,81;629
2026-05-23;13;27;186365,92;2422757,00;26,53%;49444,02;11818;17845;309575,07;3658558166,00;38,28%;118515,00;630
2026-05-24;10;22;199113,30;1991133,00;20,41%;40635,37;11828;17867;309481,68;3660549299,00;38,25%;118391,58;631
2026-05-25;2;2;212500,00;425000,00;4,08%;8673,47;11830;17869;309465,28;3660974299,00;38,20%;118217,98;632
2026-05-26;2;3;179727,00;359454,00;4,08%;7335,80;11832;17872;309443,35;3661333753,00;38,15%;118042,81;633
2026-05-27;2;3;250000,00;500000,00;4,08%;10204,08;11834;17875;309433,31;3661833753,00;38,09%;117872,71;634
2026-05-28;3;6;254971,67;764915,00;6,12%;15610,51;11837;17881;309419,50;3662598668,00;38,04%;117711,67;635
2026-05-29;3;5;190789,67;572369,00;6,12%;11681,00;11840;17886;309389,45;3663171037,00;37,99%;117544,96;636
2026-05-30;1;1;200000,00;200000,00;2,04%;4081,63;11841;17887;309380,21;3663371037,00;37,94%;117366,84;637
2026-05-31;3;3;200000,00;600000,00;6,12%;12244,90;11844;17890;309352,50;3663971037,00;37,89%;117202,07;638
2026-06-01;7;7;207142,86;1450000,00;14,29%;29591,84;11851;17897;309292,13;3665421037,00;37,85%;117064,96;639
2026-06-02;6;6;208333,33;1250000,00;12,24%;25510,20;11857;17903;309241,04;3666671037,00;37,81%;116921,91;640
2026-06-03;10;10;230100,00;2301000,00;20,41%;46959,18;11867;17913;309174,35;3668972037,00;37,78%;116812,76;641
2026-06-04;5;6;190542,80;952714,00;10,20%;19443,14;11872;17919;309124,39;3669924751,00;37,74%;116661,10;642
2026-06-05;2;2;317227,00;634454,00;4,08%;12948,04;11874;17921;309125,75;3670559205,00;37,69%;116499,80;643
2026-06-06;2;2;248500,00;497000,00;4,08%;10142,86;11876;17923;309115,54;3671056205,00;37,63%;116334,65;644
2026-06-07;3;4;257466,67;772400,00;6,12%;15763,27;11879;17927;309102,50;3671828605,00;37,59%;116178,73;645
2026-06-08;11;12;245981,82;2705800,00;22,45%;55220,41;11890;17939;309044,10;3674534405,00;37,56%;116084,36;646
2026-06-09;30;32;279523,33;8385700,00;61,22%;171136,73;11920;17971;308969,81;3682920105,00;37,60%;116169,45;647
2026-06-10;45;53;271290,00;12208050,00;91,84%;249143,88;11965;18024;308828,09;3695128155,00;37,68%;116374,66;648
2026-06-11;39;45;281439,74;10976150,00;79,59%;224003,06;12004;18069;308739,11;3706104305,00;37,75%;116540,50;649
2026-06-12;21;26;243459,52;5112650,00;42,86%;104339,80;12025;18095;308625,11;3711216955,00;37,76%;116521,73;650
2026-06-13;5;7;235896,80;1179484,00;10,20%;24071,10;12030;18102;308594,88;3712396439,00;37,71%;116379,71;651
2026-06-14;4;6;221121,00;884484,00;8,16%;18050,69;12034;18108;308565,81;3713280923,00;37,67%;116228,90;652
2026-06-15;1;1;255000,00;255000,00;2,04%;5204,08;12035;18109;308561,36;3713535923,00;37,61%;116058,88;653
2026-06-16;9;11;254111,11;2287000,00;18,37%;46673,47;12044;18120;308520,67;3715822923,00;37,58%;115952,78;654
2026-06-17;8;11;240500,00;1924000,00;16,33%;39265,31;12052;18131;308475,52;3717746923,00;37,55%;115835,70;655
2026-06-18;10;15;223601,90;2236019,00;20,41%;45633,04;12062;18146;308405,15;3719982942,00;37,52%;115728,69;656
2026-06-19;2;4;298500,00;597000,00;4,08%;12183,67;12064;18150;308403,51;3720579942,00;37,47%;115571,09;657
2026-06-20;1;3;342000,00;342000,00;2,04%;6979,59;12065;18153;308406,29;3720921942,00;37,42%;115406,05;658
2026-06-21;3;5;284000,00;852000,00;6,12%;17387,76;12068;18158;308400,23;3721773942,00;37,37%;115257,31;659
2026-06-22;5;5;254400,00;1272000,00;10,20%;25959,18;12073;18163;308377,86;3723045942,00;37,33%;115122,01;660
2026-06-23;5;5;227400,00;1137000,00;10,20%;23204,08;12078;18168;308344,34;3724182942,00;37,29%;114982,96;661
2026-06-24;2;2;172500,00;345000,00;4,08%;7040,82;12080;18170;308321,85;3724527942,00;37,24%;114819,90;662
2026-06-25;2;2;187500,00;375000,00;4,08%;7653,06;12082;18172;308301,85;3724902942,00;37,19%;114658,26;663
2026-06-26;2;3;207570,50;415141,00;4,08%;8472,27;12084;18175;308285,18;3725318083,00;37,14%;114498,34;664
2026-06-27;2;3;207570,50;415141,00;4,08%;8472,27;12086;18178;308268,51;3725733224,00;37,09%;114338,91;665
2026-06-28;1;1;120000,00;120000,00;2,04%;2448,98;12087;18179;308252,93;3725853224,00;37,04%;114170,90;666
2026-06-29;3;6;287633,33;862900,00;6,12%;17610,20;12090;18185;308247,82;3726716124,00;36,99%;114026,13;667
2026-06-30;4;7;278725,00;1114900,00;8,16%;22753,06;12094;18192;308238,05;3727831024,00;36,95%;113889,50;668
2026-07-01;1;1;120000,00;120000,00;2,04%;2448,98;12095;18193;308222,49;3727951024,00;36,90%;113722,92;669
2026-07-02;3;3;210000,00;630000,00;6,12%;12857,14;12098;18196;308198,13;3728581024,00;36,85%;113572,37;670
2026-07-03;1;1;255000,00;255000,00;2,04%;5204,08;12099;18197;308193,74;3728836024,00;36,80%;113410,87;671
2026-07-04;0;0;0,00;0,00;0,00%;0,00;12099;18197;308193,74;3728836024,00;36,74%;113242,10;672
2026-07-05;1;1;255000,00;255000,00;2,04%;5204,08;12100;18198;308189,34;3729091024,00;36,69%;113081,57;673
2026-07-06;0;0;0,00;0,00;0,00%;0,00;12100;18198;308189,34;3729091024,00;36,64%;112913,80;674
2026-07-07;0;0;0,00;0,00;0,00%;0,00;12100;18198;308189,34;3729091024,00;36,58%;112746,52;675
2026-07-08;8;12;276440,63;2211525,00;16,33%;45133,16;12108;18210;308168,36;3731302549,00;36,55%;112646,50;676
2026-07-09;13;17;291825,00;3793725,00;26,53%;77422,96;12121;18227;308150,84;3735096274,00;36,54%;112594,47;677
2026-07-10;13;17;291825,00;3793725,00;26,53%;77422,96;12134;18244;308133,34;3738889999,00;36,52%;112542,59;678
2026-07-11;0;0;0,00;0,00;0,00%;0,00;12134;18244;308133,34;3738889999,00;36,47%;112376,84;679
2026-07-12;1;1;255000,00;255000,00;2,04%;5204,08;12135;18245;308128,97;3739144999,00;36,42%;112219,24;680
2026-07-13;0;0;0,00;0,00;0,00%;0,00;12135;18245;308128,97;3739144999,00;36,37%;112054,45;681
2026-07-14;0;0;0,00;0,00;0,00%;0,00;12135;18245;308128,97;3739144999,00;36,31%;111890,15;682
2026-07-15;0;0;0,00;0,00;0,00%;0,00;12135;18245;308128,97;3739144999,00;36,26%;111726,33;683
2026-07-16;0;0;0,00;0,00;0,00%;0,00;12135;18245;308128,97;3739144999,00;36,21%;111562,98;684
2026-07-17;0;0;0,00;0,00;0,00%;0,00;12135;18245;308128,97;3739144999,00;36,15%;111400,12;685
2026-07-18;0;0;0,00;0,00;0,00%;0,00;12135;18245;308128,97;3739144999,00;36,10%;111237,73;686
2026-07-19;0;0;0,00;0,00;0,00%;0,00;12135;18245;308128,97;3739144999,00;36,05%;111075,81;687
2026-07-20;0;0;0,00;0,00;0,00%;0,00;12135;18245;308128,97;3739144999,00;36,00%;110914,36;688
2026-07-21;0;0;0,00;0,00;0,00%;0,00;12135;18245;308128,97;3739144999,00;35,94%;110753,38;689
2026-07-22;1;1;255000,00;255000,00;2,04%;5204,08;12136;18246;308124,59;3739399999,00;35,89%;110600,41;690
2026-07-23;0;0;0,00;0,00;0,00%;0,00;12136;18246;308124,59;3739399999,00;35,84%;110440,36;691
2026-07-24;0;0;0,00;0,00;0,00%;0,00;12136;18246;308124,59;3739399999,00;35,79%;110280,76;692
2026-07-25;0;0;0,00;0,00;0,00%;0,00;12136;18246;308124,59;3739399999,00;35,74%;110121,62;693
2026-07-26;0;0;0,00;0,00;0,00%;0,00;12136;18246;308124,59;3739399999,00;35,69%;109962,95;694
2026-07-27;2;4;282000,00;564000,00;4,08%;11510,20;12138;18250;308120,28;3739963999,00;35,64%;109821,29;695
2026-07-28;2;4;282000,00;564000,00;4,08%;11510,20;12140;18254;308115,98;3740527999,00;35,60%;109680,04;696
2026-07-29;2;4;282000,00;564000,00;4,08%;11510,20;12142;18258;308111,68;3741091999,00;35,55%;109539,19;697
2026-07-30;2;4;282000,00;564000,00;4,08%;11510,20;12144;18262;308107,38;3741655999,00;35,51%;109398,75;698
2026-07-31;2;4;282000,00;564000,00;4,08%;11510,20;12146;18266;308103,08;3742219999,00;35,46%;109258,71;699
2026-08-01;0;0;0,00;0,00;0,00%;0,00;12146;18266;308103,08;3742219999,00;35,41%;109102,62;700
2026-08-02;0;0;0,00;0,00;0,00%;0,00;12146;18266;308103,08;3742219999,00;35,36%;108946,99;701
2026-08-03;0;0;0,00;0,00;0,00%;0,00;12146;18266;308103,08;3742219999,00;35,31%;108791,79;702
2026-08-04;0;0;0,00;0,00;0,00%;0,00;12146;18266;308103,08;3742219999,00;35,26%;108637,04;703
2026-08-05;0;0;0,00;0,00;0,00%;0,00;12146;18266;308103,08;3742219999,00;35,21%;108482,72;704
2026-08-06;0;0;0,00;0,00;0,00%;0,00;12146;18266;308103,08;3742219999,00;35,16%;108328,85;705
2026-08-07;0;0;0,00;0,00;0,00%;0,00;12146;18266;308103,08;3742219999,00;35,11%;108175,41;706
2026-08-08;0;0;0,00;0,00;0,00%;0,00;12146;18266;308103,08;3742219999,00;35,06%;108022,40;707
2026-08-09;0;0;0,00;0,00;0,00%;0,00;12146;18266;308103,08;3742219999,00;35,01%;107869,83;708
2026-08-10;0;0;0,00;0,00;0,00%;0,00;12146;18266;308103,08;3742219999,00;34,96%;107717,68;709
2026-08-11;0;0;0,00;0,00;0,00%;0,00;12146;18266;308103,08;3742219999,00;34,91%;107565,97;710
2026-08-12;0;0;0,00;0,00;0,00%;0,00;12146;18266;308103,08;3742219999,00;34,86%;107414,68;711
2026-08-13;0;0;0,00;0,00;0,00%;0,00;12146;18266;308103,08;3742219999,00;34,81%;107263,82;712
2026-08-14;0;0;0,00;0,00;0,00%;0,00;12146;18266;308103,08;3742219999,00;34,77%;107113,38;713
2026-08-15;0;0;0,00;0,00;0,00%;0,00;12146;18266;308103,08;3742219999,00;34,72%;106963,36;714
2026-08-16;0;0;0,00;0,00;0,00%;0,00;12146;18266;308103,08;3742219999,00;34,67%;106813,76;715
2026-08-17;0;0;0,00;0,00;0,00%;0,00;12146;18266;308103,08;3742219999,00;34,62%;106664,58;716
2026-08-18;0;0;0,00;0,00;0,00%;0,00;12146;18266;308103,08;3742219999,00;34,57%;106515,81;717
2026-08-19;0;0;0,00;0,00;0,00%;0,00;12146;18266;308103,08;3742219999,00;34,52%;106367,46;718
2026-08-20;0;0;0,00;0,00;0,00%;0,00;12146;18266;308103,08;3742219999,00;34,48%;106219,52;719
2026-08-21;0;0;0,00;0,00;0,00%;0,00;12146;18266;308103,08;3742219999,00;34,43%;106072,00;720
2026-08-22;0;0;0,00;0,00;0,00%;0,00;12146;18266;308103,08;3742219999,00;34,38%;105924,88;721
2026-08-23;0;0;0,00;0,00;0,00%;0,00;12146;18266;308103,08;3742219999,00;34,33%;105778,17;722
2026-08-24;0;0;0,00;0,00;0,00%;0,00;12146;18266;308103,08;3742219999,00;34,28%;105631,86;723
2026-08-25;5;5;252000,00;1260000,00;10,20%;25714,29;12151;18271;308079,99;3743479999,00;34,25%;105521,48;724
2026-08-26;5;5;252000,00;1260000,00;10,20%;25714,29;12156;18276;308056,93;3744739999,00;34,22%;105411,40;725
2026-08-27;5;5;252000,00;1260000,00;10,20%;25714,29;12161;18281;308033,88;3745999999,00;34,19%;105301,62;726
2026-08-28;0;0;0,00;0,00;0,00%;0,00;12161;18281;308033,88;3745999999,00;34,14%;105156,78;727
2026-08-29;0;0;0,00;0,00;0,00%;0,00;12161;18281;308033,88;3745999999,00;34,09%;105012,33;728
2026-08-30;0;0;0,00;0,00;0,00%;0,00;12161;18281;308033,88;3745999999,00;34,04%;104868,28;729
2026-08-31;0;0;0,00;0,00;0,00%;0,00;12161;18281;308033,88;3745999999,00;34,00%;104724,63;730
2026-09-01;0;0;0,00;0,00;0,00%;0,00;12161;18281;308033,88;3745999999,00;33,95%;104581,37;731
2026-09-02;0;0;0,00;0,00;0,00%;0,00;12161;18281;308033,88;3745999999,00;33,90%;104438,50;732
2026-09-03;0;0;0,00;0,00;0,00%;0,00;12161;18281;308033,88;3745999999,00;33,86%;104296,02;733
2026-09-04;0;0;0,00;0,00;0,00%;0,00;12161;18281;308033,88;3745999999,00;33,81%;104153,92;734
2026-09-05;0;0;0,00;0,00;0,00%;0,00;12161;18281;308033,88;3745999999,00;33,77%;104012,22;735
2026-09-06;0;0;0,00;0,00;0,00%;0,00;12161;18281;308033,88;3745999999,00;33,72%;103870,90;736
2026-09-07;0;0;0,00;0,00;0,00%;0,00;12161;18281;308033,88;3745999999,00;33,67%;103729,96;737
2026-09-08;0;0;0,00;0,00;0,00%;0,00;12161;18281;308033,88;3745999999,00;33,63%;103589,40;738
2026-09-09;0;0;0,00;0,00;0,00%;0,00;12161;18281;308033,88;3745999999,00;33,58%;103449,23;739
2026-09-10;0;0;0,00;0,00;0,00%;0,00;12161;18281;308033,88;3745999999,00;33,54%;103309,43;740
2026-09-11;0;0;0,00;0,00;0,00%;0,00;12161;18281;308033,88;3745999999,00;33,49%;103170,01;741
2026-09-12;0;0;0,00;0,00;0,00%;0,00;12161;18281;308033,88;3745999999,00;33,45%;103030,97;742
2026-09-13;0;0;0,00;0,00;0,00%;0,00;12161;18281;308033,88;3745999999,00;33,40%;102892,30;743
2026-09-14;0;0;0,00;0,00;0,00%;0,00;12161;18281;308033,88;3745999999,00;33,36%;102754,00;744
2026-09-15;0;0;0,00;0,00;0,00%;0,00;12161;18281;308033,88;3745999999,00;33,31%;102616,08;745
2026-09-16;0;0;0,00;0,00;0,00%;0,00;12161;18281;308033,88;3745999999,00;33,27%;102478,52;746
2026-09-17;0;0;0,00;0,00;0,00%;0,00;12161;18281;308033,88;3745999999,00;33,22%;102341,34;747
2026-09-18;0;0;0,00;0,00;0,00%;0,00;12161;18281;308033,88;3745999999,00;33,18%;102204,52;748
2026-09-19;0;0;0,00;0,00;0,00%;0,00;12161;18281;308033,88;3745999999,00;33,14%;102068,06;749
2026-09-20;0;0;0,00;0,00;0,00%;0,00;12161;18281;308033,88;3745999999,00;33,09%;101931,97;750
2026-09-21;0;0;0,00;0,00;0,00%;0,00;12161;18281;308033,88;3745999999,00;33,05%;101796,24;751
2026-09-22;0;0;0,00;0,00;0,00%;0,00;12161;18281;308033,88;3745999999,00;33,00%;101660,88;752
2026-09-23;0;0;0,00;0,00;0,00%;0,00;12161;18281;308033,88;3745999999,00;32,96%;101525,87;753
2026-09-24;0;0;0,00;0,00;0,00%;0,00;12161;18281;308033,88;3745999999,00;32,92%;101391,22;754
2026-09-25;2;2;250000,00;500000,00;4,08%;10204,08;12163;18283;308024,34;3746499999,00;32,88%;101270,44;755
2026-09-26;2;2;250000,00;500000,00;4,08%;10204,08;12165;18285;308014,80;3746999999,00;32,84%;101149,98;756
2026-09-27;2;2;250000,00;500000,00;4,08%;10204,08;12167;18287;308005,26;3747499999,00;32,80%;101029,84;757
2026-09-28;1;1;250000,00;250000,00;2,04%;5102,04;12168;18288;308000,49;3747749999,00;32,76%;100903,29;758
2026-09-29;0;0;0,00;0,00;0,00%;0,00;12168;18288;308000,49;3747749999,00;32,72%;100770,35;759
2026-09-30;3;5;291616,67;874850,00;6,12%;17854,08;12171;18293;307996,45;3748624849,00;32,68%;100661,25;760
2026-10-01;5;11;338140,00;1690700,00;10,20%;34504,08;12176;18304;308008,83;3750315549,00;32,65%;100574,31;761
2026-10-02;7;19;365236,43;2556655,00;14,29%;52176,63;12183;18323;308041,71;3752872204,00;32,63%;100510,80;762
2026-10-03;6;18;384442,50;2306655,00;12,24%;47074,59;12189;18341;308079,32;3755178859,00;32,60%;100440,76;763
2026-10-04;1;3;374850,00;374850,00;2,04%;7650,00;12190;18344;308084,80;3755553709,00;32,56%;100319,31;764
2026-10-05;0;0;0,00;0,00;0,00%;0,00;12190;18344;308084,80;3755553709,00;32,52%;100188,17;765
2026-10-06;0;0;0,00;0,00;0,00%;0,00;12190;18344;308084,80;3755553709,00;32,48%;100057,38;766
2026-10-07;0;0;0,00;0,00;0,00%;0,00;12190;18344;308084,80;3755553709,00;32,43%;99926,93;767
2026-10-08;0;0;0,00;0,00;0,00%;0,00;12190;18344;308084,80;3755553709,00;32,39%;99796,81;768
2026-10-09;0;0;0,00;0,00;0,00%;0,00;12190;18344;308084,80;3755553709,00;32,35%;99667,04;769
2026-10-10;0;0;0,00;0,00;0,00%;0,00;12190;18344;308084,80;3755553709,00;32,31%;99537,60;770
2026-10-11;0;0;0,00;0,00;0,00%;0,00;12190;18344;308084,80;3755553709,00;32,27%;99408,50;771
2026-10-12;0;0;0,00;0,00;0,00%;0,00;12190;18344;308084,80;3755553709,00;32,22%;99279,73;772
2026-10-13;0;0;0,00;0,00;0,00%;0,00;12190;18344;308084,80;3755553709,00;32,18%;99151,30;773
2026-10-14;0;0;0,00;0,00;0,00%;0,00;12190;18344;308084,80;3755553709,00;32,14%;99023,20;774
2026-10-15;0;0;0,00;0,00;0,00%;0,00;12190;18344;308084,80;3755553709,00;32,10%;98895,42;775
2026-10-16;0;0;0,00;0,00;0,00%;0,00;12190;18344;308084,80;3755553709,00;32,06%;98767,98;776
2026-10-17;0;0;0,00;0,00;0,00%;0,00;12190;18344;308084,80;3755553709,00;32,02%;98640,87;777
2026-10-18;0;0;0,00;0,00;0,00%;0,00;12190;18344;308084,80;3755553709,00;31,98%;98514,08;778
2026-10-19;0;0;0,00;0,00;0,00%;0,00;12190;18344;308084,80;3755553709,00;31,94%;98387,62;779
2026-10-20;0;0;0,00;0,00;0,00%;0,00;12190;18344;308084,80;3755553709,00;31,89%;98261,48;780
2026-10-21;0;0;0,00;0,00;0,00%;0,00;12190;18344;308084,80;3755553709,00;31,85%;98135,66;781
2026-10-22;0;0;0,00;0,00;0,00%;0,00;12190;18344;308084,80;3755553709,00;31,81%;98010,17;782
2026-10-23;0;0;0,00;0,00;0,00%;0,00;12190;18344;308084,80;3755553709,00;31,77%;97885,00;783
2026-10-24;0;0;0,00;0,00;0,00%;0,00;12190;18344;308084,80;3755553709,00;31,73%;97760,14;784
2026-10-25;0;0;0,00;0,00;0,00%;0,00;12190;18344;308084,80;3755553709,00;31,69%;97635,61;785
2026-10-26;0;0;0,00;0,00;0,00%;0,00;12190;18344;308084,80;3755553709,00;31,65%;97511,39;786
2026-10-27;0;0;0,00;0,00;0,00%;0,00;12190;18344;308084,80;3755553709,00;31,61%;97387,49;787
2026-10-28;1;2;282000,00;282000,00;2,04%;5755,10;12191;18346;308082,66;3755835709,00;31,57%;97271,20;788
2026-10-29;1;2;282000,00;282000,00;2,04%;5755,10;12192;18348;308080,52;3756117709,00;31,54%;97155,21;789
2026-10-30;0;0;0,00;0,00;0,00%;0,00;12192;18348;308080,52;3756117709,00;31,50%;97032,23;790
2026-10-31;0;0;0,00;0,00;0,00%;0,00;12192;18348;308080,52;3756117709,00;31,46%;96909,56;791
2026-11-01;0;0;0,00;0,00;0,00%;0,00;12192;18348;308080,52;3756117709,00;31,42%;96787,20;792
2026-11-02;0;0;0,00;0,00;0,00%;0,00;12192;18348;308080,52;3756117709,00;31,38%;96665,15;793
2026-11-03;0;0;0,00;0,00;0,00%;0,00;12192;18348;308080,52;3756117709,00;31,34%;96543,40;794
2026-11-04;0;0;0,00;0,00;0,00%;0,00;12192;18348;308080,52;3756117709,00;31,30%;96421,97;795
2026-11-05;0;0;0,00;0,00;0,00%;0,00;12192;18348;308080,52;3756117709,00;31,26%;96300,83;796
2026-11-06;0;0;0,00;0,00;0,00%;0,00;12192;18348;308080,52;3756117709,00;31,22%;96180,00;797
2026-11-07;0;0;0,00;0,00;0,00%;0,00;12192;18348;308080,52;3756117709,00;31,18%;96059,48;798
2026-11-08;0;0;0,00;0,00;0,00%;0,00;12192;18348;308080,52;3756117709,00;31,14%;95939,25;799
2026-11-09;0;0;0,00;0,00;0,00%;0,00;12192;18348;308080,52;3756117709,00;31,10%;95819,33;800
2026-11-10;0;0;0,00;0,00;0,00%;0,00;12192;18348;308080,52;3756117709,00;31,06%;95699,70;801
2026-11-11;0;0;0,00;0,00;0,00%;0,00;12192;18348;308080,52;3756117709,00;31,02%;95580,38;802
2026-11-12;0;0;0,00;0,00;0,00%;0,00;12192;18348;308080,52;3756117709,00;30,99%;95461,35;803
2026-11-13;0;0;0,00;0,00;0,00%;0,00;12192;18348;308080,52;3756117709,00;30,95%;95342,62;804
2026-11-14;0;0;0,00;0,00;0,00%;0,00;12192;18348;308080,52;3756117709,00;30,91%;95224,18;805
2026-11-15;0;0;0,00;0,00;0,00%;0,00;12192;18348;308080,52;3756117709,00;30,87%;95106,03;806
2026-11-16;0;0;0,00;0,00;0,00%;0,00;12192;18348;308080,52;3756117709,00;30,83%;94988,18;807
2026-11-17;0;0;0,00;0,00;0,00%;0,00;12192;18348;308080,52;3756117709,00;30,79%;94870,62;808
2026-11-18;0;0;0,00;0,00;0,00%;0,00;12192;18348;308080,52;3756117709,00;30,76%;94753,35;809
2026-11-19;0;0;0,00;0,00;0,00%;0,00;12192;18348;308080,52;3756117709,00;30,72%;94636,37;810
2026-11-20;0;0;0,00;0,00;0,00%;0,00;12192;18348;308080,52;3756117709,00;30,68%;94519,68;811
2026-11-21;0;0;0,00;0,00;0,00%;0,00;12192;18348;308080,52;3756117709,00;30,64%;94403,28;812
2026-11-22;0;0;0,00;0,00;0,00%;0,00;12192;18348;308080,52;3756117709,00;30,60%;94287,16;813
2026-11-23;0;0;0,00;0,00;0,00%;0,00;12192;18348;308080,52;3756117709,00;30,57%;94171,33;814
2026-11-24;0;0;0,00;0,00;0,00%;0,00;12192;18348;308080,52;3756117709,00;30,53%;94055,78;815
2026-11-25;49;49;0,00;0,00;100,00%;0,00;12241;18397;306847,29;3756117709,00;30,61%;93940,52;816
2026-11-26;49;49;0,00;0,00;100,00%;0,00;12290;18446;305623,90;3756117709,00;30,70%;93825,54;817
2026-11-27;0;0;0,00;0,00;0,00%;0,00;12290;18446;305623,90;3756117709,00;30,66%;93710,84;818
2026-11-28;0;0;0,00;0,00;0,00%;0,00;12290;18446;305623,90;3756117709,00;30,62%;93596,41;819
2026-11-29;0;0;0,00;0,00;0,00%;0,00;12290;18446;305623,90;3756117709,00;30,59%;93482,27;820
2026-11-30;0;0;0,00;0,00;0,00%;0,00;12290;18446;305623,90;3756117709,00;30,55%;93368,41;821
2026-12-01;0;0;0,00;0,00;0,00%;0,00;12290;18446;305623,90;3756117709,00;30,51%;93254,82;822
2026-12-02;0;0;0,00;0,00;0,00%;0,00;12290;18446;305623,90;3756117709,00;30,48%;93141,51;823
2026-12-03;0;0;0,00;0,00;0,00%;0,00;12290;18446;305623,90;3756117709,00;30,44%;93028,48;824
2026-12-04;0;0;0,00;0,00;0,00%;0,00;12290;18446;305623,90;3756117709,00;30,40%;92915,71;825
2026-12-05;0;0;0,00;0,00;0,00%;0,00;12290;18446;305623,90;3756117709,00;30,37%;92803,22;826
2026-12-06;0;0;0,00;0,00;0,00%;0,00;12290;18446;305623,90;3756117709,00;30,33%;92691,01;827
2026-12-07;0;0;0,00;0,00;0,00%;0,00;12290;18446;305623,90;3756117709,00;30,29%;92579,06;828
2026-12-08;0;0;0,00;0,00;0,00%;0,00;12290;18446;305623,90;3756117709,00;30,26%;92467,39;829
2026-12-09;0;0;0,00;0,00;0,00%;0,00;12290;18446;305623,90;3756117709,00;30,22%;92355,98;830
2026-12-10;0;0;0,00;0,00;0,00%;0,00;12290;18446;305623,90;3756117709,00;30,18%;92244,84;831
2026-12-11;0;0;0,00;0,00;0,00%;0,00;12290;18446;305623,90;3756117709,00;30,15%;92133,97;832
2026-12-12;0;0;0,00;0,00;0,00%;0,00;12290;18446;305623,90;3756117709,00;30,11%;92023,37;833
2026-12-13;0;0;0,00;0,00;0,00%;0,00;12290;18446;305623,90;3756117709,00;30,07%;91913,03;834
2026-12-14;0;0;0,00;0,00;0,00%;0,00;12290;18446;305623,90;3756117709,00;30,04%;91802,95;835
2026-12-15;0;0;0,00;0,00;0,00%;0,00;12290;18446;305623,90;3756117709,00;30,00%;91693,14;836
2026-12-16;0;0;0,00;0,00;0,00%;0,00;12290;18446;305623,90;3756117709,00;29,97%;91583,59;837
2026-12-17;0;0;0,00;0,00;0,00%;0,00;12290;18446;305623,90;3756117709,00;29,93%;91474,30;838
2026-12-18;0;0;0,00;0,00;0,00%;0,00;12290;18446;305623,90;3756117709,00;29,89%;91365,27;839
2026-12-19;0;0;0,00;0,00;0,00%;0,00;12290;18446;305623,90;3756117709,00;29,86%;91256,50;840
2026-12-20;0;0;0,00;0,00;0,00%;0,00;12290;18446;305623,90;3756117709,00;29,82%;91147,99;841
2026-12-21;0;0;0,00;0,00;0,00%;0,00;12290;18446;305623,90;3756117709,00;29,79%;91039,74;842
2026-12-22;0;0;0,00;0,00;0,00%;0,00;12290;18446;305623,90;3756117709,00;29,75%;90931,75;843
2026-12-23;0;0;0,00;0,00;0,00%;0,00;12290;18446;305623,90;3756117709,00;29,72%;90824,01;844
2026-12-24;0;0;0,00;0,00;0,00%;0,00;12290;18446;305623,90;3756117709,00;29,68%;90716,52;845
2026-12-25;0;0;0,00;0,00;0,00%;0,00;12290;18446;305623,90;3756117709,00;29,65%;90609,29;846
2026-12-26;0;0;0,00;0,00;0,00%;0,00;12290;18446;305623,90;3756117709,00;29,61%;90502,32;847
2026-12-27;0;0;0,00;0,00;0,00%;0,00;12290;18446;305623,90;3756117709,00;29,58%;90395,59;848
2026-12-28;0;0;0,00;0,00;0,00%;0,00;12290;18446;305623,90;3756117709,00;29,54%;90289,12;849
2026-12-29;0;0;0,00;0,00;0,00%;0,00;12290;18446;305623,90;3756117709,00;29,51%;90182,90;850
2026-12-30;0;0;0,00;0,00;0,00%;0,00;12290;18446;305623,90;3756117709,00;29,47%;90076,93;851
2026-12-31;0;0;0,00;0,00;0,00%;0,00;12290;18446;305623,90;3756117709,00;29,44%;89971,20;852
TOTAL REAL;12035,00;18109,00;308561,36;3713535923,00;37,61%;116058,88;;;;;;;
TOTAL PROYECTADO;255,00;337,00;166987,40;42581786,00;2,62%;4366,91;;;;;;;
TOTAL GLOBAL;12290,00;18446,00;305623,90;3756117709,00;29,44%;89971,20;;;;;;;
